year,state,state_po,state_fips,state_cen,state_ic,office,candidate,party_detailed,writein,candidatevotes,totalvotes,version,notes,party_simplified
2004,CALIFORNIA,CA,6,93,71,US PRESIDENT,"KERRY, JOHN",DEMOCRAT,FALSE,6745485,12421353,20210113,NA,DEMOCRAT
2004,CALIFORNIA,CA,6,93,71,US PRESIDENT,"BUSH, GEORGE W.",REPUBLICAN,FALSE,5509826,12421353,20210113,NA,REPUBLICAN
2004,CALIFORNIA,CA,6,93,71,US PRESIDENT,"BADNARIK, MICHAEL",LIBERTARIAN,FALSE,50165,12421353,20210113,NA,LIBERTARIAN
2004,CALIFORNIA,CA,6,93,71,US PRESIDENT,"COBB, DAVID",GREEN,FALSE,40771,12421353,20210113,NA,OTHER
2004,CALIFORNIA,CA,6,93,71,US PRESIDENT,"PELTIER, LEONARD",PEACE & FREEDOM,FALSE,27607,12421353,20210113,NA,OTHER
2004,CALIFORNIA,CA,6,93,71,US PRESIDENT,"PEROUTKA, MICHAEL",AMERICAN INDEPENDENT PARTY,FALSE,26645,12421353,20210113,NA,OTHER
2004,CALIFORNIA,CA,6,93,71,US PRESIDENT,OTHER,,TRUE,20854,12421353,20210113,NA,OTHER
2004,FLORIDA,FL,12,59,43,US PRESIDENT,"BUSH, GEORGE W.",REPUBLICAN,FALSE,3964522,7609810,20210113,NA,REPUBLICAN
2004,FLORIDA,FL,12,59,43,US PRESIDENT,"KERRY, JOHN",DEMOCRAT,FALSE,3583544,7609810,20210113,NA,DEMOCRAT
2004,FLORIDA,FL,12,59,43,US PRESIDENT,"NADER, RALPH",REFORM PARTY,FALSE,32971,7609810,20210113,NA,OTHER
2004,FLORIDA,FL,12,59,43,US PRESIDENT,"BADNARIK, MICHAEL",LIBERTARIAN,FALSE,11996,7609810,20210113,NA,LIBERTARIAN
2004,FLORIDA,FL,12,59,43,US PRESIDENT,"PEROUTKA, MICHAEL",CONSTITUTION PARTY OF FLORIDA,FALSE,6626,7609810,20210113,NA,OTHER
2004,FLORIDA,FL,12,59,43,US PRESIDENT,"COBB, DAVID",GREEN,FALSE,3917,7609810,20210113,NA,OTHER
2004,FLORIDA,FL,12,59,43,US PRESIDENT,"BROWN, WALT",SOCIALIST PARTY OF FLORIDA,FALSE,3502,7609810,20210113,NA,OTHER
2004,FLORIDA,FL,12,59,43,US PRESIDENT,"CALERO, ROGER",SOCIALIST WORKERS,FALSE,2732,7609810,20210113,NA,OTHER
2004,ILLINOIS,IL,17,33,21,US PRESIDENT,"KERRY, JOHN",DEMOCRAT,FALSE,2891550,5274322,20210113,NA,DEMOCRAT
2004,ILLINOIS,IL,17,33,21,US PRESIDENT,"BUSH, GEORGE W.",REPUBLICAN,FALSE,2345946,5274322,20210113,NA,REPUBLICAN
2004,ILLINOIS,IL,17,33,21,US PRESIDENT,"BADNARIK, MICHAEL",LIBERTARIAN,FALSE,32442,5274322,20210113,NA,LIBERTARIAN
2004,ILLINOIS,IL,17,33,21,US PRESIDENT,OTHER,,TRUE,4384,5274322,20210113,NA,OTHER
2004,NEVADA,NV,32,88,65,US PRESIDENT,"BUSH, GEORGE W.",REPUBLICAN,FALSE,418690,829587,20210113,NA,REPUBLICAN
2004,NEVADA,NV,32,88,65,US PRESIDENT,"KERRY, JOHN",DEMOCRAT,FALSE,397190,829587,20210113,NA,DEMOCRAT
2004,NEVADA,NV,32,88,65,US PRESIDENT,"NADER, RALPH",INDEPENDENT,FALSE,4838,829587,20210113,NA,OTHER
2004,NEVADA,NV,32,88,65,US PRESIDENT,OTHER,,FALSE,3688,829587,20210113,NA,OTHER
2004,NEVADA,NV,32,88,65,US PRESIDENT,"BADNARIK, MICHAEL",LIBERTARIAN,FALSE,3176,829587,20210113,NA,LIBERTARIAN
2004,NEVADA,NV,32,88,65,US PRESIDENT,"PEROUTKA, MICHAEL",INDEPENDENT AMERICAN,FALSE,1152,829587,20210113,NA,OTHER
2004,NEVADA,NV,32,88,65,US PRESIDENT,"COBB, DAVID",GREEN,FALSE,853,829587,20210113,NA,OTHER
2004,NEW YORK,NY,36,21,13,US PRESIDENT,"KERRY, JOHN",DEMOCRAT,FALSE,4180755,7448266,20210113,NA,DEMOCRAT
2004,NEW YORK,NY,36,21,13,US PRESIDENT,"BUSH, GEORGE W.",REPUBLICAN,FALSE,2806993,7448266,20210113,NA,REPUBLICAN
2004,NEW YORK,NY,36,21,13,US PRESIDENT,"BUSH, GEORGE W.",CONSERVATIVE,FALSE,155574,7448266,20210113,NA,OTHER
2004,NEW YORK,NY,36,21,13,US PRESIDENT,"KERRY, JOHN",WORKING FAMILIES,FALSE,133525,7448266,20210113,NA,OTHER
2004,NEW YORK,NY,36,21,13,US PRESIDENT,"NADER, RALPH",INDEPENDENCE,FALSE,84247,7448266,20210113,NA,OTHER
2004,NEW YORK,NY,36,21,13,US PRESIDENT,BLANK VOTE/SCATTERING,,FALSE,57230,7448266,20210113,NA,OTHER
2004,NEW YORK,NY,36,21,13,US PRESIDENT,"NADER, RALPH",PEACE AND JUSTICE,FALSE,15626,7448266,20210113,NA,OTHER
2004,NEW YORK,NY,36,21,13,US PRESIDENT,"BADNARIK, MICHAEL",LIBERTARIAN,FALSE,11607,7448266,20210113,NA,LIBERTARIAN
2004,NEW YORK,NY,36,21,13,US PRESIDENT,"CALERO, ROGER",SOCIALIST WORKERS,FALSE,2405,7448266,20210113,NA,OTHER
2004,NEW YORK,NY,36,21,13,US PRESIDENT,OTHER,,TRUE,304,7448266,20210113,NA,OTHER
2004,TEXAS,TX,48,74,49,US PRESIDENT,"BUSH, GEORGE W.",REPUBLICAN,FALSE,4526917,7410749,20210113,NA,REPUBLICAN
2004,TEXAS,TX,48,74,49,US PRESIDENT,"KERRY, JOHN",DEMOCRAT,FALSE,2832704,7410749,20210113,NA,DEMOCRAT
2004,TEXAS,TX,48,74,49,US PRESIDENT,"BADNARIK, MICHAEL",LIBERTARIAN,FALSE,38787,7410749,20210113,NA,LIBERTARIAN
2004,TEXAS,TX,48,74,49,US PRESIDENT,OTHER,,TRUE,12341,7410749,20210113,NA,OTHER
2004,WASHINGTON,WA,53,91,73,US PRESIDENT,"KERRY, JOHN",DEMOCRAT,FALSE,1510201,2859084,20210113,NA,DEMOCRAT
2004,WASHINGTON,WA,53,91,73,US PRESIDENT,"BUSH, GEORGE W.",REPUBLICAN,FALSE,1304894,2859084,20210113,NA,REPUBLICAN
2004,WASHINGTON,WA,53,91,73,US PRESIDENT,"NADER, RALPH",INDEPENDENT,FALSE,23283,2859084,20210113,NA,OTHER
2004,WASHINGTON,WA,53,91,73,US PRESIDENT,"BADNARIK, MICHAEL",LIBERTARIAN,FALSE,11955,2859084,20210113,NA,LIBERTARIAN
2004,WASHINGTON,WA,53,91,73,US PRESIDENT,"PEROUTKA, MICHAEL",CONSTITUTION PARTY,FALSE,3922,2859084,20210113,NA,OTHER
2004,WASHINGTON,WA,53,91,73,US PRESIDENT,"COBB, DAVID",GREEN,FALSE,2974,2859084,20210113,NA,OTHER
2004,WASHINGTON,WA,53,91,73,US PRESIDENT,"PARKER, JOHN",WORKERS WORLD,FALSE,1077,2859084,20210113,NA,OTHER
2004,WASHINGTON,WA,53,91,73,US PRESIDENT,"CALERO, ROGER",SOCIALIST WORKERS,FALSE,547,2859084,20210113,NA,OTHER
2004,WASHINGTON,WA,53,91,73,US PRESIDENT,"VAN AUKEN, BILL",SOCIALIST EQUALITY PARTY,FALSE,231,2859084,20210113,NA,OTHER
2008,CALIFORNIA,CA,6,93,71,US PRESIDENT,"OBAMA, BARACK H.",DEMOCRAT,FALSE,8274473,13561900,20210113,NA,DEMOCRAT
2008,CALIFORNIA,CA,6,93,71,US PRESIDENT,"MCCAIN, JOHN",REPUBLICAN,FALSE,5011781,13561900,20210113,NA,REPUBLICAN
2008,CALIFORNIA,CA,6,93,71,US PRESIDENT,"NADER, RALPH",PEACE & FREEDOM,FALSE,108381,13561900,20210113,NA,OTHER
2008,CALIFORNIA,CA,6,93,71,US PRESIDENT,"BARR, BOB",LIBERTARIAN,FALSE,67582,13561900,20210113,NA,LIBERTARIAN
2008,CALIFORNIA,CA,6,93,71,US PRESIDENT,"KEYES, ALAN",AMERICAN INDEPENDENT PARTY,FALSE,40673,13561900,20210113,NA,OTHER
2008,CALIFORNIA,CA,6,93,71,US PRESIDENT,"MCKINNEY, CYNTHIA",GREEN,FALSE,38774,13561900,20210113,NA,OTHER
2008,CALIFORNIA,CA,6,93,71,US PRESIDENT,,INDEPENDENT,TRUE,20236,13561900,20210113,NA,OTHER
2008,FLORIDA,FL,12,59,43,US PRESIDENT,"OBAMA, BARACK H.",DEMOCRAT,FALSE,4282074,8390744,20210113,NA,DEMOCRAT
2008,FLORIDA,FL,12,59,43,US PRESIDENT,"MCCAIN, JOHN",REPUBLICAN,FALSE,4045624,8390744,20210113,NA,REPUBLICAN
2008,FLORIDA,FL,12,59,43,US PRESIDENT,"NADER, RALPH",ECOLOGY PARTY OF FLORIDA,FALSE,28124,8390744,20210113,NA,OTHER
2008,FLORIDA,FL,12,59,43,US PRESIDENT,"BARR, BOB",LIBERTARIAN,FALSE,17218,8390744,20210113,NA,LIBERTARIAN
2008,FLORIDA,FL,12,59,43,US PRESIDENT,"BALDWIN, CHARLES """"CHUCK""""",CONSTITUTION PARTY,FALSE,7915,8390744,20210113,NA,OTHER
2008,FLORIDA,FL,12,59,43,US PRESIDENT,"MCKINNEY, CYNTHIA",GREEN,FALSE,2887,8390744,20210113,NA,OTHER
2008,FLORIDA,FL,12,59,43,US PRESIDENT,"KEYES, ALAN",AMERICA'S INDEPENDENT PARTY,FALSE,2550,8390744,20210113,NA,OTHER
2008,FLORIDA,FL,12,59,43,US PRESIDENT,"LA RIVA, GLORIA ESTELLA",SOCIALISM AND LIBERATION PARTY,FALSE,1516,8390744,20210113,NA,OTHER
2008,FLORIDA,FL,12,59,43,US PRESIDENT,"JAY, CHARLES",BOSTON TEA PARTY,FALSE,795,8390744,20210113,NA,OTHER
2008,FLORIDA,FL,12,59,43,US PRESIDENT,"CALERO, ROGER",SOCIALIST WORKERS,FALSE,533,8390744,20210113,NA,OTHER
2008,FLORIDA,FL,12,59,43,US PRESIDENT,"STEVENS, THOMAS R.",OBJECTIVIST PARTY,FALSE,419,8390744,20210113,NA,OTHER
2008,FLORIDA,FL,12,59,43,US PRESIDENT,"MOORE, BRIAN",SOCIALIST,FALSE,405,8390744,20210113,NA,OTHER
2008,FLORIDA,FL,12,59,43,US PRESIDENT,,,TRUE,391,8390744,20210113,NA,OTHER
2008,FLORIDA,FL,12,59,43,US PRESIDENT,"AMONDSON, GENE",PROHIBITION,FALSE,293,8390744,20210113,NA,OTHER
2008,ILLINOIS,IL,17,33,21,US PRESIDENT,"OBAMA, BARACK H.",DEMOCRAT,FALSE,3419348,5522371,20210113,NA,DEMOCRAT
2008,ILLINOIS,IL,17,33,21,US PRESIDENT,"MCCAIN, JOHN",REPUBLICAN,FALSE,2031179,5522371,20210113,NA,REPUBLICAN
2008,ILLINOIS,IL,17,33,21,US PRESIDENT,"NADER, RALPH",INDEPENDENT,FALSE,30948,5522371,20210113,NA,OTHER
2008,ILLINOIS,IL,17,33,21,US PRESIDENT,"BARR, BOB",LIBERTARIAN,FALSE,19642,5522371,20210113,NA,LIBERTARIAN
2008,ILLINOIS,IL,17,33,21,US PRESIDENT,"MCKINNEY, CYNTHIA",GREEN,FALSE,11838,5522371,20210113,NA,OTHER
2008,ILLINOIS,IL,17,33,21,US PRESIDENT,"BALDWIN, CHARLES """"CHUCK""""",CONSTITUTION PARTY,FALSE,8256,5522371,20210113,NA,OTHER
2008,ILLINOIS,IL,17,33,21,US PRESIDENT,,NEW,FALSE,1149,5522371,20210113,NA,OTHER
2008,ILLINOIS,IL,17,33,21,US PRESIDENT,,,TRUE,11,5522371,20210113,NA,OTHER
2008,NEVADA,NV,32,88,65,US PRESIDENT,"OBAMA, BARACK H.",DEMOCRAT,FALSE,533736,967848,20210113,NA,DEMOCRAT
2008,NEVADA,NV,32,88,65,US PRESIDENT,"MCCAIN, JOHN",REPUBLICAN,FALSE,412827,967848,20210113,NA,REPUBLICAN
2008,NEVADA,NV,32,88,65,US PRESIDENT,NONE OF THESE CANDIDATES,,FALSE,6267,967848,20210113,NA,OTHER
2008,NEVADA,NV,32,88,65,US PRESIDENT,"NADER, RALPH",INDEPENDENT,FALSE,6150,967848,20210113,NA,OTHER
2008,NEVADA,NV,32,88,65,US PRESIDENT,"BARR, BOB",LIBERTARIAN,FALSE,4263,967848,20210113,NA,LIBERTARIAN
2008,NEVADA,NV,32,88,65,US PRESIDENT,"BALDWIN, CHARLES """"CHUCK""""",INDEPENDENT AMERICAN,FALSE,3194,967848,20210113,NA,OTHER
2008,NEVADA,NV,32,88,65,US PRESIDENT,"MCKINNEY, CYNTHIA",GREEN,FALSE,1411,967848,20210113,NA,OTHER
2008,NEW YORK,NY,36,21,13,US PRESIDENT,"OBAMA, BARACK H.",DEMOCRAT,FALSE,4645332,7722019,20210113,NA,DEMOCRAT
2008,NEW YORK,NY,36,21,13,US PRESIDENT,"MCCAIN, JOHN",REPUBLICAN,FALSE,2418323,7722019,20210113,NA,REPUBLICAN
2008,NEW YORK,NY,36,21,13,US PRESIDENT,"MCCAIN, JOHN",CONSERVATIVE,FALSE,170475,7722019,20210113,NA,OTHER
2008,NEW YORK,NY,36,21,13,US PRESIDENT,"MCCAIN, JOHN",INDEPENDENCE,FALSE,163973,7722019,20210113,NA,OTHER
2008,NEW YORK,NY,36,21,13,US PRESIDENT,"OBAMA, BARACK H.",WORKING FAMILIES,FALSE,159613,7722019,20210113,NA,OTHER
2008,NEW YORK,NY,36,21,13,US PRESIDENT,BLANK VOTE/SCATTERING,,FALSE,84701,7722019,20210113,NA,OTHER
2008,NEW YORK,NY,36,21,13,US PRESIDENT,"NADER, RALPH",POPULIST,FALSE,41249,7722019,20210113,NA,OTHER
2008,NEW YORK,NY,36,21,13,US PRESIDENT,"BARR, BOB",LIBERTARIAN,FALSE,19596,7722019,20210113,NA,LIBERTARIAN
2008,NEW YORK,NY,36,21,13,US PRESIDENT,"MCKINNEY, CYNTHIA",GREEN,FALSE,12801,7722019,20210113,NA,OTHER
2008,NEW YORK,NY,36,21,13,US PRESIDENT,"HARRIS, JAMES",SOCIALIST WORKERS,FALSE,3615,7722019,20210113,NA,OTHER
2008,NEW YORK,NY,36,21,13,US PRESIDENT,"LA RIVA, GLORIA ESTELLA",SOCIALISM AND LIBERATION PARTY,FALSE,1639,7722019,20210113,NA,OTHER
2008,NEW YORK,NY,36,21,13,US PRESIDENT,,,TRUE,702,7722019,20210113,NA,OTHER
2008,TEXAS,TX,48,74,49,US PRESIDENT,"MCCAIN, JOHN",REPUBLICAN,FALSE,4479328,8077795,20210113,NA,REPUBLICAN
2008,TEXAS,TX,48,74,49,US PRESIDENT,"OBAMA, BARACK H.",DEMOCRAT,FALSE,3528633,8077795,20210113,NA,DEMOCRAT
2008,TEXAS,TX,48,74,49,US PRESIDENT,"BARR, BOB",LIBERTARIAN,FALSE,56116,8077795,20210113,NA,LIBERTARIAN
2008,TEXAS,TX,48,74,49,US PRESIDENT,,,TRUE,7967,8077795,20210113,NA,OTHER
2008,TEXAS,TX,48,74,49,US PRESIDENT,"NADER, RALPH",INDEPENDENT,TRUE,5751,8077795,20210113,NA,OTHER
2008,WASHINGTON,WA,53,91,73,US PRESIDENT,"OBAMA, BARACK H.",DEMOCRAT,FALSE,1750848,3036878,20210113,NA,DEMOCRAT
2008,WASHINGTON,WA,53,91,73,US PRESIDENT,"MCCAIN, JOHN",REPUBLICAN,FALSE,1229216,3036878,20210113,NA,REPUBLICAN
2008,WASHINGTON,WA,53,91,73,US PRESIDENT,"NADER, RALPH",INDEPENDENT,FALSE,29489,3036878,20210113,NA,OTHER
2008,WASHINGTON,WA,53,91,73,US PRESIDENT,"BARR, BOB",LIBERTARIAN,FALSE,12728,3036878,20210113,NA,LIBERTARIAN
2008,WASHINGTON,WA,53,91,73,US PRESIDENT,"BALDWIN, CHARLES """"CHUCK""""",CONSTITUTION PARTY,FALSE,9432,3036878,20210113,NA,OTHER
2008,WASHINGTON,WA,53,91,73,US PRESIDENT,"MCKINNEY, CYNTHIA",GREEN,FALSE,3819,3036878,20210113,NA,OTHER
2008,WASHINGTON,WA,53,91,73,US PRESIDENT,"LA RIVA, GLORIA ESTELLA",SOCIALISM AND LIBERATION PARTY,FALSE,705,3036878,20210113,NA,OTHER
2008,WASHINGTON,WA,53,91,73,US PRESIDENT,"HARRIS, JAMES",SOCIALIST WORKERS,FALSE,641,3036878,20210113,NA,OTHER
2012,CALIFORNIA,CA,6,93,71,US PRESIDENT,"OBAMA, BARACK H.",DEMOCRAT,FALSE,7854285,13038547,20210113,NA,DEMOCRAT
2012,CALIFORNIA,CA,6,93,71,US PRESIDENT,"ROMNEY, MITT",REPUBLICAN,FALSE,4839958,13038547,20210113,NA,REPUBLICAN
2012,CALIFORNIA,CA,6,93,71,US PRESIDENT,"JOHNSON, GARY",LIBERTARIAN,FALSE,143221,13038547,20210113,NA,LIBERTARIAN
2012,CALIFORNIA,CA,6,93,71,US PRESIDENT,"STEIN, JILL",GREEN,FALSE,85638,13038547,20210113,NA,OTHER
2012,CALIFORNIA,CA,6,93,71,US PRESIDENT,"BARR, ROSEANNE",PEACE & FREEDOM,FALSE,53824,13038547,20210113,NA,OTHER
2012,CALIFORNIA,CA,6,93,71,US PRESIDENT,"HOEFLING, THOMAS CONRAD """"TOM""""",AMERICAN INDEPENDENT PARTY,FALSE,38372,13038547,20210113,NA,OTHER
2012,CALIFORNIA,CA,6,93,71,US PRESIDENT,,,TRUE,23249,13038547,20210113,NA,OTHER
2012,FLORIDA,FL,12,59,43,US PRESIDENT,"OBAMA, BARACK H.",DEMOCRAT,FALSE,4237756,8474179,20210113,NA,DEMOCRAT
2012,FLORIDA,FL,12,59,43,US PRESIDENT,"ROMNEY, MITT",REPUBLICAN,FALSE,4163447,8474179,20210113,NA,REPUBLICAN
2012,FLORIDA,FL,12,59,43,US PRESIDENT,"JOHNSON, GARY",LIBERTARIAN,FALSE,44726,8474179,20210113,NA,LIBERTARIAN
2012,FLORIDA,FL,12,59,43,US PRESIDENT,"STEIN, JILL",GREEN,FALSE,8947,8474179,20210113,NA,OTHER
2012,FLORIDA,FL,12,59,43,US PRESIDENT,"BARR, ROSEANNE",PEACE & FREEDOM,FALSE,8154,8474179,20210113,NA,OTHER
2012,FLORIDA,FL,12,59,43,US PRESIDENT,"STEVENS, THOMAS ROBERT """"TOM""""",OBJECTIVIST PARTY,FALSE,3856,8474179,20210113,NA,OTHER
2012,FLORIDA,FL,12,59,43,US PRESIDENT,"GOODE, VIRGIL HAMLIN, JR.",CONSTITUTION PARTY,FALSE,2607,8474179,20210113,NA,OTHER
2012,FLORIDA,FL,12,59,43,US PRESIDENT,"ANDERSON, ROSS CARL """"ROCKY""""",JUSTICE,FALSE,1754,8474179,20210113,NA,OTHER
2012,FLORIDA,FL,12,59,43,US PRESIDENT,"HOEFLING, THOMAS CONRAD """"TOM""""",AMERICAN INDEPENDENT,FALSE,946,8474179,20210113,NA,OTHER
2012,FLORIDA,FL,12,59,43,US PRESIDENT,"BARNETT, ANDRE",REFORM PARTY,FALSE,820,8474179,20210113,NA,OTHER
2012,FLORIDA,FL,12,59,43,US PRESIDENT,"ALEXANDER, STEWART",SOCIALIST,FALSE,799,8474179,20210113,NA,OTHER
2012,FLORIDA,FL,12,59,43,US PRESIDENT,"LINDSAY, PETA",SOCIALISM AND LIBERATION PARTY,FALSE,322,8474179,20210113,NA,OTHER
2012,FLORIDA,FL,12,59,43,US PRESIDENT,,,TRUE,45,8474179,20210113,NA,OTHER
2012,ILLINOIS,IL,17,33,21,US PRESIDENT,"OBAMA, BARACK H.",DEMOCRAT,FALSE,3019512,5242014,20210113,NA,DEMOCRAT
2012,ILLINOIS,IL,17,33,21,US PRESIDENT,"ROMNEY, MITT",REPUBLICAN,FALSE,2135216,5242014,20210113,NA,REPUBLICAN
2012,ILLINOIS,IL,17,33,21,US PRESIDENT,"JOHNSON, GARY",LIBERTARIAN,FALSE,56229,5242014,20210113,NA,LIBERTARIAN
2012,ILLINOIS,IL,17,33,21,US PRESIDENT,"STEIN, JILL",GREEN,FALSE,30222,5242014,20210113,NA,OTHER
2012,ILLINOIS,IL,17,33,21,US PRESIDENT,,,TRUE,835,5242014,20210113,NA,OTHER
2012,NEVADA,NV,32,88,65,US PRESIDENT,"OBAMA, BARACK H.",DEMOCRAT,FALSE,531373,1014918,20210113,NA,DEMOCRAT
2012,NEVADA,NV,32,88,65,US PRESIDENT,"ROMNEY, MITT",REPUBLICAN,FALSE,463567,1014918,20210113,NA,REPUBLICAN
2012,NEVADA,NV,32,88,65,US PRESIDENT,"JOHNSON, GARY",LIBERTARIAN,FALSE,10968,1014918,20210113,NA,LIBERTARIAN
2012,NEVADA,NV,32,88,65,US PRESIDENT,NONE OF THESE CANDIDATES,,FALSE,5770,1014918,20210113,NA,OTHER
2012,NEVADA,NV,32,88,65,US PRESIDENT,"GOODE, VIRGIL HAMLIN, JR.",INDEPENDENT AMERICAN,FALSE,3240,1014918,20210113,NA,OTHER
2012,NEW YORK,NY,36,21,13,US PRESIDENT,"OBAMA, BARACK H.",DEMOCRAT,FALSE,4324228,7116784,20210113,NA,DEMOCRAT
2012,NEW YORK,NY,36,21,13,US PRESIDENT,"ROMNEY, MITT",REPUBLICAN,FALSE,2223397,7116784,20210113,NA,REPUBLICAN
2012,NEW YORK,NY,36,21,13,US PRESIDENT,"ROMNEY, MITT",CONSERVATIVE,FALSE,262035,7116784,20210113,NA,OTHER
2012,NEW YORK,NY,36,21,13,US PRESIDENT,"OBAMA, BARACK H.",WORKING FAMILIES,FALSE,147643,7116784,20210113,NA,OTHER
2012,NEW YORK,NY,36,21,13,US PRESIDENT,BLANK VOTE/VOID VOTE/SCATTERING,,FALSE,63881,7116784,20210113,NA,OTHER
2012,NEW YORK,NY,36,21,13,US PRESIDENT,"JOHNSON, GARY",LIBERTARIAN,FALSE,47092,7116784,20210113,NA,LIBERTARIAN
2012,NEW YORK,NY,36,21,13,US PRESIDENT,"STEIN, JILL",GREEN,FALSE,39856,7116784,20210113,NA,OTHER
2012,NEW YORK,NY,36,21,13,US PRESIDENT,"GOODE, VIRGIL HAMLIN, JR.",CONSTITUTION PARTY,FALSE,6270,7116784,20210113,NA,OTHER
2012,NEW YORK,NY,36,21,13,US PRESIDENT,"LINDSAY, PETA",SOCIALISM AND LIBERATION PARTY,FALSE,2039,7116784,20210113,NA,OTHER
2012,NEW YORK,NY,36,21,13,US PRESIDENT,,,TRUE,343,7116784,20210113,NA,OTHER
2012,TEXAS,TX,48,74,49,US PRESIDENT,"ROMNEY, MITT",REPUBLICAN,FALSE,4569843,7993851,20210113,NA,REPUBLICAN
2012,TEXAS,TX,48,74,49,US PRESIDENT,"OBAMA, BARACK H.",DEMOCRAT,FALSE,3308124,7993851,20210113,NA,DEMOCRAT
2012,TEXAS,TX,48,74,49,US PRESIDENT,"JOHNSON, GARY",LIBERTARIAN,FALSE,88580,7993851,20210113,NA,LIBERTARIAN
2012,TEXAS,TX,48,74,49,US PRESIDENT,"STEIN, JILL",GREEN,FALSE,24657,7993851,20210113,NA,OTHER
2012,TEXAS,TX,48,74,49,US PRESIDENT,,,TRUE,2647,7993851,20210113,NA,OTHER
2012,WASHINGTON,WA,53,91,73,US PRESIDENT,"OBAMA, BARACK H.",DEMOCRAT,FALSE,1755396,3125516,20210113,NA,DEMOCRAT
2012,WASHINGTON,WA,53,91,73,US PRESIDENT,"MITT, ROMNEY",REPUBLICAN,FALSE,1290670,3125516,20210113,NA,REPUBLICAN
2012,WASHINGTON,WA,53,91,73,US PRESIDENT,"JOHNSON, GARY",LIBERTARIAN,FALSE,42202,3125516,20210113,NA,LIBERTARIAN
2012,WASHINGTON,WA,53,91,73,US PRESIDENT,"STEIN, JILL",GREEN,FALSE,20928,3125516,20210113,NA,OTHER
2012,WASHINGTON,WA,53,91,73,US PRESIDENT,"GOODE, VIRGIL HAMLIN, JR.",CONSTITUTION PARTY,FALSE,8851,3125516,20210113,NA,OTHER
2012,WASHINGTON,WA,53,91,73,US PRESIDENT,"ANDERSON, ROSS CARL """"ROCKY""""",JUSTICE,FALSE,4946,3125516,20210113,NA,OTHER
2012,WASHINGTON,WA,53,91,73,US PRESIDENT,"LINDSAY, PETA",SOCIALISM AND LIBERATION PARTY,FALSE,1318,3125516,20210113,NA,OTHER
2012,WASHINGTON,WA,53,91,73,US PRESIDENT,"HARRIS, JAMES",SOCIALIST WORKERS,FALSE,1205,3125516,20210113,NA,OTHER
2016,CALIFORNIA,CA,6,93,71,US PRESIDENT,"CLINTON, HILLARY",DEMOCRAT,FALSE,8753788,14181595,20210113,NA,DEMOCRAT
2016,CALIFORNIA,CA,6,93,71,US PRESIDENT,"TRUMP, DONALD J.",REPUBLICAN,FALSE,4483810,14181595,20210113,NA,REPUBLICAN
2016,CALIFORNIA,CA,6,93,71,US PRESIDENT,"JOHNSON, GARY",LIBERTARIAN,FALSE,478500,14181595,20210113,NA,LIBERTARIAN
2016,CALIFORNIA,CA,6,93,71,US PRESIDENT,"STEIN, JILL",GREEN,FALSE,278657,14181595,20210113,NA,OTHER
2016,CALIFORNIA,CA,6,93,71,US PRESIDENT,,,TRUE,120739,14181595,20210113,NA,OTHER
2016,CALIFORNIA,CA,6,93,71,US PRESIDENT,"LA RIVA, GLORIA ESTELLA",PEACE & FREEDOM,FALSE,66101,14181595,20210113,NA,OTHER
2016,FLORIDA,FL,12,59,43,US PRESIDENT,"TRUMP, DONALD J.",REPUBLICAN,FALSE,4617886,9420039,20210113,NA,REPUBLICAN
2016,FLORIDA,FL,12,59,43,US PRESIDENT,"CLINTON, HILLARY",DEMOCRAT,FALSE,4504975,9420039,20210113,NA,DEMOCRAT
2016,FLORIDA,FL,12,59,43,US PRESIDENT,"JOHNSON, GARY",LIBERTARIAN,FALSE,207043,9420039,20210113,NA,LIBERTARIAN
2016,FLORIDA,FL,12,59,43,US PRESIDENT,"STEIN, JILL",GREEN,FALSE,64399,9420039,20210113,NA,OTHER
2016,FLORIDA,FL,12,59,43,US PRESIDENT,"CASTLE, DARRELL L.",CONSTITUTION PARTY,FALSE,16475,9420039,20210113,NA,OTHER
2016,FLORIDA,FL,12,59,43,US PRESIDENT,"DE LA FUENTE, ROQUE """"ROCKY""""",REFORM PARTY,FALSE,9108,9420039,20210113,NA,OTHER
2016,FLORIDA,FL,12,59,43,US PRESIDENT,,,TRUE,153,9420039,20210113,NA,OTHER
2016,ILLINOIS,IL,17,33,21,US PRESIDENT,"CLINTON, HILLARY",DEMOCRAT,FALSE,3090729,5536424,20210113,NA,DEMOCRAT
2016,ILLINOIS,IL,17,33,21,US PRESIDENT,"TRUMP, DONALD J.",REPUBLICAN,FALSE,2146015,5536424,20210113,NA,REPUBLICAN
2016,ILLINOIS,IL,17,33,21,US PRESIDENT,"JOHNSON, GARY",LIBERTARIAN,FALSE,209596,5536424,20210113,NA,LIBERTARIAN
2016,ILLINOIS,IL,17,33,21,US PRESIDENT,"STEIN, JILL",GREEN,FALSE,76802,5536424,20210113,NA,OTHER
2016,ILLINOIS,IL,17,33,21,US PRESIDENT,,,TRUE,13282,5536424,20210113,NA,OTHER
2016,NEVADA,NV,32,88,65,US PRESIDENT,"CLINTON, HILLARY",DEMOCRAT,FALSE,539260,1125385,20210113,NA,DEMOCRAT
2016,NEVADA,NV,32,88,65,US PRESIDENT,"TRUMP, DONALD J.",REPUBLICAN,FALSE,512058,1125385,20210113,NA,REPUBLICAN
2016,NEVADA,NV,32,88,65,US PRESIDENT,"JOHNSON, GARY",LIBERTARIAN,FALSE,37384,1125385,20210113,NA,LIBERTARIAN
2016,NEVADA,NV,32,88,65,US PRESIDENT,NONE OF THE ABOVE,,FALSE,28863,1125385,20210113,NA,OTHER
2016,NEVADA,NV,32,88,65,US PRESIDENT,"KOPITKE, KYLE KENLEY",INDEPENDENT AMERICAN,FALSE,5268,1125385,20210113,NA,OTHER
2016,NEVADA,NV,32,88,65,US PRESIDENT,"DE LA FUENTE, ROQUE """"ROCKY""""",NO PARTY AFFILIATION,FALSE,2552,1125385,20210113,NA,OTHER
2016,NEW YORK,NY,36,21,13,US PRESIDENT,"CLINTON, HILLARY",DEMOCRAT,FALSE,4379789,7802084,20210113,NA,DEMOCRAT
2016,NEW YORK,NY,36,21,13,US PRESIDENT,"TRUMP, DONALD J.",REPUBLICAN,FALSE,2527142,7802084,20210113,NA,REPUBLICAN
2016,NEW YORK,NY,36,21,13,US PRESIDENT,"TRUMP, DONALD J.",CONSERVATIVE,FALSE,292392,7802084,20210113,NA,OTHER
2016,NEW YORK,NY,36,21,13,US PRESIDENT,"CLINTON, HILLARY",WORKING FAMILIES,FALSE,140041,7802084,20210113,NA,OTHER
2016,NEW YORK,NY,36,21,13,US PRESIDENT,"JOHNSON, GARY",INDEPENDENCE,FALSE,119156,7802084,20210113,NA,OTHER
2016,NEW YORK,NY,36,21,13,US PRESIDENT,"STEIN, JILL",GREEN,FALSE,107934,7802084,20210113,NA,OTHER
2016,NEW YORK,NY,36,21,13,US PRESIDENT,BLANK VOTE,,FALSE,77179,7802084,20210113,NA,OTHER
2016,NEW YORK,NY,36,21,13,US PRESIDENT,"JOHNSON, GARY",LIBERTARIAN,FALSE,57442,7802084,20210113,NA,LIBERTARIAN
2016,NEW YORK,NY,36,21,13,US PRESIDENT,SCATTERING,,FALSE,48447,7802084,20210113,NA,OTHER
2016,NEW YORK,NY,36,21,13,US PRESIDENT,"CLINTON, HILLARY",WOMEN'S EQUALITY,FALSE,36294,7802084,20210113,NA,OTHER
2016,NEW YORK,NY,36,21,13,US PRESIDENT,,,TRUE,12816,7802084,20210113,NA,OTHER
2016,NEW YORK,NY,36,21,13,US PRESIDENT,VOID VOTE,,FALSE,3452,7802084,20210113,NA,OTHER
2016,TEXAS,TX,48,74,49,US PRESIDENT,"TRUMP, DONALD J.",REPUBLICAN,FALSE,4685047,8969226,20210113,NA,REPUBLICAN
2016,TEXAS,TX,48,74,49,US PRESIDENT,"CLINTON, HILLARY",DEMOCRAT,FALSE,3877868,8969226,20210113,NA,DEMOCRAT
2016,TEXAS,TX,48,74,49,US PRESIDENT,"JOHNSON, GARY",LIBERTARIAN,FALSE,283492,8969226,20210113,NA,LIBERTARIAN
2016,TEXAS,TX,48,74,49,US PRESIDENT,"STEIN, JILL",GREEN,FALSE,71558,8969226,20210113,NA,OTHER
2016,TEXAS,TX,48,74,49,US PRESIDENT,,,TRUE,51261,8969226,20210113,NA,OTHER
2016,WASHINGTON,WA,53,91,73,US PRESIDENT,"CLINTON, HILLARY",DEMOCRAT,FALSE,1742718,3317019,20210113,NA,DEMOCRAT
2016,WASHINGTON,WA,53,91,73,US PRESIDENT,"TRUMP, DONALD J.",REPUBLICAN,FALSE,1221747,3317019,20210113,NA,REPUBLICAN
2016,WASHINGTON,WA,53,91,73,US PRESIDENT,"JOHNSON, GARY",LIBERTARIAN,FALSE,160879,3317019,20210113,NA,LIBERTARIAN
2016,WASHINGTON,WA,53,91,73,US PRESIDENT,,,TRUE,107805,3317019,20210113,NA,OTHER
2016,WASHINGTON,WA,53,91,73,US PRESIDENT,"STEIN, JILL",GREEN,FALSE,58417,3317019,20210113,NA,OTHER
2016,WASHINGTON,WA,53,91,73,US PRESIDENT,"CASTLE, DARRELL L.",CONSTITUTION PARTY,FALSE,17623,3317019,20210113,NA,OTHER
2016,WASHINGTON,WA,53,91,73,US PRESIDENT,"KENNEDY, ALYSON",SOCIALIST WORKERS,FALSE,4307,3317019,20210113,NA,OTHER
2016,WASHINGTON,WA,53,91,73,US PRESIDENT,"LA RIVA, GLORIA ESTELLA",SOCIALISM AND LIBERATION PARTY,FALSE,3523,3317019,20210113,NA,OTHER
2020,CALIFORNIA,CA,6,93,71,US PRESIDENT,"BIDEN, JOSEPH R. JR",DEMOCRAT,FALSE,11110250,17500881,20210113,NA,DEMOCRAT
2020,CALIFORNIA,CA,6,93,71,US PRESIDENT,"TRUMP, DONALD J.",REPUBLICAN,FALSE,6006429,17500881,20210113,NA,REPUBLICAN
2020,CALIFORNIA,CA,6,93,71,US PRESIDENT,"JORGENSEN, JO",LIBERTARIAN,FALSE,187895,17500881,20210113,NA,LIBERTARIAN
2020,CALIFORNIA,CA,6,93,71,US PRESIDENT,"HAWKINS, HOWIE",GREEN,FALSE,81029,17500881,20210113,NA,OTHER
2020,CALIFORNIA,CA,6,93,71,US PRESIDENT,"DE LA FUENTE, ROQUE """"ROCKY""""",AMERICAN INDEPENDENT,FALSE,60160,17500881,20210113,NA,OTHER
2020,CALIFORNIA,CA,6,93,71,US PRESIDENT,"LA RIVA, GLORIA ESTELLA",PEACE & FREEDOM,FALSE,51037,17500881,20210113,NA,OTHER
2020,CALIFORNIA,CA,6,93,71,US PRESIDENT,"CARROLL, BRIAN",AMERICAN SOLIDARITY PARTY,TRUE,2605,17500881,20210113,NA,OTHER
2020,CALIFORNIA,CA,6,93,71,US PRESIDENT,"JANOS, JAMES G. ""JESSE VENTURA""",INDEPENDENT,TRUE,611,17500881,20210113,NA,OTHER
2020,CALIFORNIA,CA,6,93,71,US PRESIDENT,MARK CHARLES,INDEPENDENT,TRUE,559,17500881,20210113,NA,OTHER
2020,CALIFORNIA,CA,6,93,71,US PRESIDENT,"PIERCE, BROCK",INDEPENDENT,TRUE,185,17500881,20210113,NA,OTHER
2020,CALIFORNIA,CA,6,93,71,US PRESIDENT,JOSEPH KISHORE,INDEPENDENT,TRUE,121,17500881,20210113,NA,OTHER
2020,FLORIDA,FL,12,59,43,US PRESIDENT,"BIDEN, JOSEPH R. JR",DEMOCRAT,FALSE,5297045,11067456,20210113,NA,DEMOCRAT
2020,FLORIDA,FL,12,59,43,US PRESIDENT,"TRUMP, DONALD J.",REPUBLICAN,FALSE,5668731,11067456,20210113,NA,REPUBLICAN
2020,FLORIDA,FL,12,59,43,US PRESIDENT,"JORGENSEN, JO",LIBERTARIAN,FALSE,70324,11067456,20210113,NA,LIBERTARIAN
2020,FLORIDA,FL,12,59,43,US PRESIDENT,"HAWKINS, HOWIE",GREEN,FALSE,14721,11067456,20210113,NA,OTHER
2020,FLORIDA,FL,12,59,43,US PRESIDENT,"LA RIVA, GLORIA ESTELLA",PARTY FOR SOCIALISM AND LIBERATION,FALSE,5712,11067456,20210113,NA,OTHER
2020,FLORIDA,FL,12,59,43,US PRESIDENT,"DE LA FUENTE, ROQUE """"ROCKY""""",ALLIANCE,FALSE,5966,11067456,20210113,NA,OTHER
2020,FLORIDA,FL,12,59,43,US PRESIDENT,"HOWARD, SHAWN W.",,TRUE,9,11067456,20210113,NA,OTHER
2020,FLORIDA,FL,12,59,43,US PRESIDENT,"BLANKENSHIP, DON",CONSTITUTION PARTY,FALSE,3902,11067456,20210113,NA,OTHER
2020,FLORIDA,FL,12,59,43,US PRESIDENT,"WELLS, KASEY",NON-AFFILIATED,TRUE,8,11067456,20210113,NA,OTHER
2020,FLORIDA,FL,12,59,43,US PRESIDENT,"WALLS-WINDHAUSER, ANGELA",,TRUE,2,11067456,20210113,NA,OTHER
2020,FLORIDA,FL,12,59,43,US PRESIDENT,"SIMMONS, JADE",INDEPENDENT,TRUE,181,11067456,20210113,NA,OTHER
2020,FLORIDA,FL,12,59,43,US PRESIDENT,"CARROLL, BRIAN",AMERICAN SOLIDARITY PARTY,TRUE,854,11067456,20210113,NA,OTHER
2020,FLORIDA,FL,12,59,43,US PRESIDENT,"LABOCH, MICHAEL",,TRUE,1,11067456,20210113,NA,OTHER
2020,ILLINOIS,IL,17,33,21,US PRESIDENT,"BIDEN, JOSEPH R. JR",DEMOCRAT,FALSE,3471915,6033743,20210113,NA,DEMOCRAT
2020,ILLINOIS,IL,17,33,21,US PRESIDENT,"TRUMP, DONALD J.",REPUBLICAN,FALSE,2446891,6033743,20210113,NA,REPUBLICAN
2020,ILLINOIS,IL,17,33,21,US PRESIDENT,"JORGENSEN, JO",LIBERTARIAN,FALSE,66544,6033743,20210113,NA,LIBERTARIAN
2020,ILLINOIS,IL,17,33,21,US PRESIDENT,"HAWKINS, HOWIE",GREEN,FALSE,30494,6033743,20210113,NA,OTHER
2020,ILLINOIS,IL,17,33,21,US PRESIDENT,"CARROLL, BRIAN",AMERICAN SOLIDARITY PARTY,FALSE,9548,6033743,20210113,NA,OTHER
2020,ILLINOIS,IL,17,33,21,US PRESIDENT,"LA RIVA, GLORIA ESTELLA",PARTY FOR SOCIALISM AND LIBERATION,FALSE,8046,6033743,20210113,NA,OTHER
2020,ILLINOIS,IL,17,33,21,US PRESIDENT,"FARNEY, JOHN",,TRUE,84,6033743,20210113,NA,OTHER
2020,ILLINOIS,IL,17,33,21,US PRESIDENT,"SIMMONS, JADE",INDEPENDENT,TRUE,78,6033743,20210113,NA,OTHER
2020,ILLINOIS,IL,17,33,21,US PRESIDENT,MARK CHARLES,INDEPENDENT,TRUE,75,6033743,20210113,NA,OTHER
2020,ILLINOIS,IL,17,33,21,US PRESIDENT,"WELLS, KASEY",NON-AFFILIATED,TRUE,18,6033743,20210113,NA,OTHER
2020,ILLINOIS,IL,17,33,21,US PRESIDENT,"BLANKENSHIP, DON",CONSTITUTION PARTY,TRUE,18,6033743,20210113,NA,OTHER
2020,ILLINOIS,IL,17,33,21,US PRESIDENT,"WILLIAMS JR., ANDY",,TRUE,8,6033743,20210113,NA,OTHER
2020,ILLINOIS,IL,17,33,21,US PRESIDENT,"BELLAR, BARBARA",,TRUE,7,6033743,20210113,NA,OTHER
2020,ILLINOIS,IL,17,33,21,US PRESIDENT,"KISHORE, JOSEPH",INDEPENDENT,TRUE,5,6033743,20210113,NA,OTHER
2020,ILLINOIS,IL,17,33,21,US PRESIDENT,"MCKEE, KEVIN",,TRUE,4,6033743,20210113,NA,OTHER
2020,ILLINOIS,IL,17,33,21,US PRESIDENT,"COLLINS, PHIL",INDEPENDENT,TRUE,3,6033743,20210113,NA,OTHER
2020,ILLINOIS,IL,17,33,21,US PRESIDENT,"STRUCK, JAMES TIMOTHY",,TRUE,2,6033743,20210113,NA,OTHER
2020,ILLINOIS,IL,17,33,21,US PRESIDENT,"ROUSE, DEBORAH",,TRUE,1,6033743,20210113,NA,OTHER
2020,ILLINOIS,IL,17,33,21,US PRESIDENT,"HIGGS, JEREMY",,TRUE,1,6033743,20210113,NA,OTHER
2020,ILLINOIS,IL,17,33,21,US PRESIDENT,"SIMMONS, MARY RUTH CARO",,TRUE,1,6033743,20210113,NA,OTHER
2020,NEVADA,NV,32,88,65,US PRESIDENT,"JORGENSEN, JO",LIBERTARIAN,FALSE,14783,1405376,20210113,NA,LIBERTARIAN
2020,NEVADA,NV,32,88,65,US PRESIDENT,"TRUMP, DONALD J.",REPUBLICAN,FALSE,669890,1405376,20210113,NA,REPUBLICAN
2020,NEVADA,NV,32,88,65,US PRESIDENT,"BIDEN, JOSEPH R. JR",DEMOCRAT,FALSE,703486,1405376,20210113,NA,DEMOCRAT
2020,NEVADA,NV,32,88,65,US PRESIDENT,"BLANKENSHIP, DON",INDEPENDENT AMERICAN PARTY,FALSE,3138,1405376,20210113,NA,OTHER
2020,NEVADA,NV,32,88,65,US PRESIDENT,,,TRUE,14079,1405376,20210113,NA,OTHER
2020,NEW YORK,NY,36,21,13,US PRESIDENT,"BIDEN, JOSEPH R. JR",DEMOCRAT,FALSE,5230985,8661735,20210113,NA,DEMOCRAT
2020,NEW YORK,NY,36,21,13,US PRESIDENT,"TRUMP, DONALD J.",REPUBLICAN,FALSE,3244798,8661735,20210113,NA,REPUBLICAN
2020,NEW YORK,NY,36,21,13,US PRESIDENT,"HAWKINS, HOWIE",GREEN,FALSE,32753,8661735,20210113,NA,OTHER
2020,NEW YORK,NY,36,21,13,US PRESIDENT,"JORGENSEN, JO",LIBERTARIAN,FALSE,60234,8661735,20210113,NA,LIBERTARIAN
2020,NEW YORK,NY,36,21,13,US PRESIDENT,"PIERCE, BROCK",INDEPENDENT,FALSE,22587,8661735,20210113,NA,OTHER
2020,NEW YORK,NY,36,21,13,US PRESIDENT,"CARROLL, BRIAN",AMERICAN SOLIDARITY PARTY,TRUE,805,8661735,20210113,NA,OTHER
2020,NEW YORK,NY,36,21,13,US PRESIDENT,"LA RIVA, GLORIA ESTELLA",PARTY FOR SOCIALISM AND LIBERATION,TRUE,376,8661735,20210113,NA,OTHER
2020,NEW YORK,NY,36,21,13,US PRESIDENT,"WELLS, KASEY",INDEPENDENT,TRUE,3,8661735,20210113,NA,OTHER
2020,NEW YORK,NY,36,21,13,US PRESIDENT,"MANIMAS, JOHN",,TRUE,2,8661735,20210113,NA,OTHER
2020,NEW YORK,NY,36,21,13,US PRESIDENT,"HOWARD, SHAWN W.",,TRUE,6,8661735,20210113,NA,OTHER
2020,NEW YORK,NY,36,21,13,US PRESIDENT,"COLLINS, PHIL",PROHIBITION PARTY,TRUE,9,8661735,20210113,NA,OTHER
2020,NEW YORK,NY,36,21,13,US PRESIDENT,"HODGES, PAUL",,TRUE,13,8661735,20210113,NA,OTHER
2020,NEW YORK,NY,36,21,13,US PRESIDENT,"SIMMONS, JADE",BECOMING ONE NATION,TRUE,155,8661735,20210113,NA,OTHER
2020,NEW YORK,NY,36,21,13,US PRESIDENT,"DE LA FUENTE, ROQUE """"ROCKY""""",ALLIANCE,TRUE,20,8661735,20210113,NA,OTHER
2020,NEW YORK,NY,36,21,13,US PRESIDENT,"KISHORE, JOSEPH",INDEPENDENT,TRUE,28,8661735,20210113,NA,OTHER
2020,NEW YORK,NY,36,21,13,US PRESIDENT,"MARTIN, DAVID A.",,TRUE,3,8661735,20210113,NA,OTHER
2020,NEW YORK,NY,36,21,13,US PRESIDENT,"WEST, KANYE",THE BIRTHDAY PARTY,TRUE,1897,8661735,20210113,NA,OTHER
2020,NEW YORK,NY,36,21,13,US PRESIDENT,"BLANKENSHIP, DON",CONSTITUTION PARTY,TRUE,43,8661735,20210113,NA,OTHER
2020,NEW YORK,NY,36,21,13,US PRESIDENT,"BELLAR, BARBARA",,TRUE,2,8661735,20210113,NA,OTHER
2020,NEW YORK,NY,36,21,13,US PRESIDENT,"CHARLES, MARK",INDEPENDENT,TRUE,98,8661735,20210113,NA,OTHER
2020,NEW YORK,NY,36,21,13,US PRESIDENT,"HUNTER, DARIO",,TRUE,8,8661735,20210113,NA,OTHER
2020,NEW YORK,NY,36,21,13,US PRESIDENT,"MONTANYE, RICHARD CHARLES",,TRUE,1,8661735,20210113,NA,OTHER
2020,NEW YORK,NY,36,21,13,US PRESIDENT,BLANK VOTES,,FALSE,43541,8661735,20210113,NA,OTHER
2020,NEW YORK,NY,36,21,13,US PRESIDENT,VOID,,FALSE,23368,8661735,20210113,NA,OTHER
2020,TEXAS,TX,48,74,49,US PRESIDENT,"TRUMP, DONALD J.",REPUBLICAN,FALSE,5890347,11315056,20210113,NA,REPUBLICAN
2020,TEXAS,TX,48,74,49,US PRESIDENT,"BIDEN, JOSEPH R. JR",DEMOCRAT,FALSE,5259126,11315056,20210113,NA,DEMOCRAT
2020,TEXAS,TX,48,74,49,US PRESIDENT,"JORGENSEN, JO",LIBERTARIAN,FALSE,126243,11315056,20210113,NA,LIBERTARIAN
2020,TEXAS,TX,48,74,49,US PRESIDENT,"HAWKINS, HOWIE",GREEN,FALSE,33396,11315056,20210113,NA,OTHER
2020,TEXAS,TX,48,74,49,US PRESIDENT,"BODDIE, R. PRESIDENT",INDEPENDENT,TRUE,2012,11315056,20210113,NA,OTHER
2020,TEXAS,TX,48,74,49,US PRESIDENT,"CARROLL, BRIAN",AMERICAN SOLIDARITY PARTY,TRUE,2785,11315056,20210113,NA,OTHER
2020,TEXAS,TX,48,74,49,US PRESIDENT,"CELLA, TODD",INDEPENDENT,TRUE,205,11315056,20210113,NA,OTHER
2020,TEXAS,TX,48,74,49,US PRESIDENT,"CUELLAR, JESSE",,TRUE,49,11315056,20210113,NA,OTHER
2020,TEXAS,TX,48,74,49,US PRESIDENT,"HOEFLING, TOM",,TRUE,337,11315056,20210113,NA,OTHER
2020,TEXAS,TX,48,74,49,US PRESIDENT,"LA RIVA, GLORIA ESTELLA",PARTY FOR SOCIALISM AND LIBERATION,TRUE,350,11315056,20210113,NA,OTHER
2020,TEXAS,TX,48,74,49,US PRESIDENT,"LOEB, ABRAM",,TRUE,36,11315056,20210113,NA,OTHER
2020,TEXAS,TX,48,74,49,US PRESIDENT,"MORROW, ROBERT",,TRUE,56,11315056,20210113,NA,OTHER
2020,TEXAS,TX,48,74,49,US PRESIDENT,"WELLS, KASEY",INDEPENDENT,TRUE,114,11315056,20210113,NA,OTHER
2020,WASHINGTON,WA,53,91,73,US PRESIDENT,"BIDEN, JOSEPH R. JR",DEMOCRAT,FALSE,2369612,4087631,20210113,NA,DEMOCRAT
2020,WASHINGTON,WA,53,91,73,US PRESIDENT,"TRUMP, DONALD J.",REPUBLICAN,FALSE,1584651,4087631,20210113,NA,REPUBLICAN
2020,WASHINGTON,WA,53,91,73,US PRESIDENT,"JORGENSEN, JO",LIBERTARIAN,FALSE,80500,4087631,20210113,NA,LIBERTARIAN
2020,WASHINGTON,WA,53,91,73,US PRESIDENT,"HAWKINS, HOWIE",GREEN,FALSE,18289,4087631,20210113,NA,OTHER
2020,WASHINGTON,WA,53,91,73,US PRESIDENT,"LA RIVA, GLORIA ESTELLA",PARTY FOR SOCIALISM AND LIBERATION,FALSE,4840,4087631,20210113,NA,OTHER
2020,WASHINGTON,WA,53,91,73,US PRESIDENT,"KENNEDY, ALYSON",SOCIALIST WORKERS PARTY,FALSE,2487,4087631,20210113,NA,OTHER
2020,WASHINGTON,WA,53,91,73,US PRESIDENT,,,TRUE,27252,4087631,20210113,NA,OTHER