year,state,state_po,county_name,county_fips,office,candidate,party,candidatevotes,totalvotes,version,mode
2004,CALIFORNIA,CA,ALAMEDA,6001,US PRESIDENT,JOHN KERRY,DEMOCRAT,422585,560742,20220315,TOTAL
2004,CALIFORNIA,CA,ALAMEDA,6001,US PRESIDENT,GEORGE W. BUSH,REPUBLICAN,130911,560742,20220315,TOTAL
2004,CALIFORNIA,CA,ALAMEDA,6001,US PRESIDENT,OTHER,OTHER,7246,560742,20220315,TOTAL
2004,CALIFORNIA,CA,ALPINE,6003,US PRESIDENT,JOHN KERRY,DEMOCRAT,373,699,20220315,TOTAL
2004,CALIFORNIA,CA,ALPINE,6003,US PRESIDENT,GEORGE W. BUSH,REPUBLICAN,311,699,20220315,TOTAL
2004,CALIFORNIA,CA,ALPINE,6003,US PRESIDENT,OTHER,OTHER,15,699,20220315,TOTAL
2004,CALIFORNIA,CA,AMADOR,6005,US PRESIDENT,JOHN KERRY,DEMOCRAT,6211,16879,20220315,TOTAL
2004,CALIFORNIA,CA,AMADOR,6005,US PRESIDENT,GEORGE W. BUSH,REPUBLICAN,10479,16879,20220315,TOTAL
2004,CALIFORNIA,CA,AMADOR,6005,US PRESIDENT,OTHER,OTHER,189,16879,20220315,TOTAL
2004,CALIFORNIA,CA,BUTTE,6007,US PRESIDENT,JOHN KERRY,DEMOCRAT,42448,95735,20220315,TOTAL
2004,CALIFORNIA,CA,BUTTE,6007,US PRESIDENT,GEORGE W. BUSH,REPUBLICAN,51662,95735,20220315,TOTAL
2004,CALIFORNIA,CA,BUTTE,6007,US PRESIDENT,OTHER,OTHER,1625,95735,20220315,TOTAL
2004,CALIFORNIA,CA,CALAVERAS,6009,US PRESIDENT,JOHN KERRY,DEMOCRAT,8286,22306,20220315,TOTAL
2004,CALIFORNIA,CA,CALAVERAS,6009,US PRESIDENT,GEORGE W. BUSH,REPUBLICAN,13601,22306,20220315,TOTAL
2004,CALIFORNIA,CA,CALAVERAS,6009,US PRESIDENT,OTHER,OTHER,419,22306,20220315,TOTAL
2004,CALIFORNIA,CA,COLUSA,6011,US PRESIDENT,JOHN KERRY,DEMOCRAT,1947,6166,20220315,TOTAL
2004,CALIFORNIA,CA,COLUSA,6011,US PRESIDENT,GEORGE W. BUSH,REPUBLICAN,4142,6166,20220315,TOTAL
2004,CALIFORNIA,CA,COLUSA,6011,US PRESIDENT,OTHER,OTHER,77,6166,20220315,TOTAL
2004,CALIFORNIA,CA,CONTRA COSTA,6013,US PRESIDENT,JOHN KERRY,DEMOCRAT,257254,412139,20220315,TOTAL
2004,CALIFORNIA,CA,CONTRA COSTA,6013,US PRESIDENT,GEORGE W. BUSH,REPUBLICAN,150608,412139,20220315,TOTAL
2004,CALIFORNIA,CA,CONTRA COSTA,6013,US PRESIDENT,OTHER,OTHER,4277,412139,20220315,TOTAL
2004,CALIFORNIA,CA,DEL NORTE,6015,US PRESIDENT,JOHN KERRY,DEMOCRAT,3892,9421,20220315,TOTAL
2004,CALIFORNIA,CA,DEL NORTE,6015,US PRESIDENT,GEORGE W. BUSH,REPUBLICAN,5356,9421,20220315,TOTAL
2004,CALIFORNIA,CA,DEL NORTE,6015,US PRESIDENT,OTHER,OTHER,173,9421,20220315,TOTAL
2004,CALIFORNIA,CA,EL DORADO,6017,US PRESIDENT,JOHN KERRY,DEMOCRAT,32242,86278,20220315,TOTAL
2004,CALIFORNIA,CA,EL DORADO,6017,US PRESIDENT,GEORGE W. BUSH,REPUBLICAN,52878,86278,20220315,TOTAL
2004,CALIFORNIA,CA,EL DORADO,6017,US PRESIDENT,OTHER,OTHER,1158,86278,20220315,TOTAL
2004,CALIFORNIA,CA,FRESNO,6019,US PRESIDENT,JOHN KERRY,DEMOCRAT,103154,247160,20220315,TOTAL
2004,CALIFORNIA,CA,FRESNO,6019,US PRESIDENT,GEORGE W. BUSH,REPUBLICAN,141988,247160,20220315,TOTAL
2004,CALIFORNIA,CA,FRESNO,6019,US PRESIDENT,OTHER,OTHER,2018,247160,20220315,TOTAL
2004,FLORIDA,FL,ALACHUA,12001,US PRESIDENT,JOHN KERRY,DEMOCRAT,62504,111328,20220315,TOTAL
2004,FLORIDA,FL,ALACHUA,12001,US PRESIDENT,GEORGE W. BUSH,REPUBLICAN,47762,111328,20220315,TOTAL
2004,FLORIDA,FL,ALACHUA,12001,US PRESIDENT,OTHER,OTHER,1062,111328,20220315,TOTAL
2004,FLORIDA,FL,BAKER,12003,US PRESIDENT,JOHN KERRY,DEMOCRAT,2180,9955,20220315,TOTAL
2004,FLORIDA,FL,BAKER,12003,US PRESIDENT,GEORGE W. BUSH,REPUBLICAN,7738,9955,20220315,TOTAL
2004,FLORIDA,FL,BAKER,12003,US PRESIDENT,OTHER,OTHER,37,9955,20220315,TOTAL
2004,FLORIDA,FL,BAY,12005,US PRESIDENT,JOHN KERRY,DEMOCRAT,21068,75024,20220315,TOTAL
2004,FLORIDA,FL,BAY,12005,US PRESIDENT,GEORGE W. BUSH,REPUBLICAN,53404,75024,20220315,TOTAL
2004,FLORIDA,FL,BAY,12005,US PRESIDENT,OTHER,OTHER,552,75024,20220315,TOTAL
2004,FLORIDA,FL,BRADFORD,12007,US PRESIDENT,JOHN KERRY,DEMOCRAT,3244,10855,20220315,TOTAL
2004,FLORIDA,FL,BRADFORD,12007,US PRESIDENT,GEORGE W. BUSH,REPUBLICAN,7557,10855,20220315,TOTAL
2004,FLORIDA,FL,BRADFORD,12007,US PRESIDENT,OTHER,OTHER,54,10855,20220315,TOTAL
2004,FLORIDA,FL,BREVARD,12009,US PRESIDENT,JOHN KERRY,DEMOCRAT,110309,265462,20220315,TOTAL
2004,FLORIDA,FL,BREVARD,12009,US PRESIDENT,GEORGE W. BUSH,REPUBLICAN,153068,265462,20220315,TOTAL
2004,FLORIDA,FL,BREVARD,12009,US PRESIDENT,OTHER,OTHER,2085,265462,20220315,TOTAL
2004,FLORIDA,FL,BROWARD,12011,US PRESIDENT,JOHN KERRY,DEMOCRAT,453873,706872,20220315,TOTAL
2004,FLORIDA,FL,BROWARD,12011,US PRESIDENT,GEORGE W. BUSH,REPUBLICAN,244674,706872,20220315,TOTAL
2004,FLORIDA,FL,BROWARD,12011,US PRESIDENT,OTHER,OTHER,8325,706872,20220315,TOTAL
2004,FLORIDA,FL,CALHOUN,12013,US PRESIDENT,JOHN KERRY,DEMOCRAT,2116,5963,20220315,TOTAL
2004,FLORIDA,FL,CALHOUN,12013,US PRESIDENT,GEORGE W. BUSH,REPUBLICAN,3782,5963,20220315,TOTAL
2004,FLORIDA,FL,CALHOUN,12013,US PRESIDENT,OTHER,OTHER,65,5963,20220315,TOTAL
2004,FLORIDA,FL,CHARLOTTE,12015,US PRESIDENT,JOHN KERRY,DEMOCRAT,34256,79786,20220315,TOTAL
2004,FLORIDA,FL,CHARLOTTE,12015,US PRESIDENT,GEORGE W. BUSH,REPUBLICAN,44428,79786,20220315,TOTAL
2004,FLORIDA,FL,CHARLOTTE,12015,US PRESIDENT,OTHER,OTHER,1102,79786,20220315,TOTAL
2004,FLORIDA,FL,CITRUS,12017,US PRESIDENT,JOHN KERRY,DEMOCRAT,29277,69467,20220315,TOTAL
2004,FLORIDA,FL,CITRUS,12017,US PRESIDENT,GEORGE W. BUSH,REPUBLICAN,39500,69467,20220315,TOTAL
2004,FLORIDA,FL,CITRUS,12017,US PRESIDENT,OTHER,OTHER,690,69467,20220315,TOTAL
2004,FLORIDA,FL,CLAY,12019,US PRESIDENT,JOHN KERRY,DEMOCRAT,18971,81495,20220315,TOTAL
2004,FLORIDA,FL,CLAY,12019,US PRESIDENT,GEORGE W. BUSH,REPUBLICAN,62078,81495,20220315,TOTAL
2004,FLORIDA,FL,CLAY,12019,US PRESIDENT,OTHER,OTHER,446,81495,20220315,TOTAL
2004,ILLINOIS,IL,ADAMS,17001,US PRESIDENT,JOHN KERRY,DEMOCRAT,10511,31477,20220315,TOTAL
2004,ILLINOIS,IL,ADAMS,17001,US PRESIDENT,GEORGE W. BUSH,REPUBLICAN,20834,31477,20220315,TOTAL
2004,ILLINOIS,IL,ADAMS,17001,US PRESIDENT,OTHER,OTHER,132,31477,20220315,TOTAL
2004,ILLINOIS,IL,ALEXANDER,17003,US PRESIDENT,JOHN KERRY,DEMOCRAT,2016,3873,20220315,TOTAL
2004,ILLINOIS,IL,ALEXANDER,17003,US PRESIDENT,GEORGE W. BUSH,REPUBLICAN,1831,3873,20220315,TOTAL
2004,ILLINOIS,IL,ALEXANDER,17003,US PRESIDENT,OTHER,OTHER,26,3873,20220315,TOTAL
2004,ILLINOIS,IL,BOND,17005,US PRESIDENT,JOHN KERRY,DEMOCRAT,3228,7369,20220315,TOTAL
2004,ILLINOIS,IL,BOND,17005,US PRESIDENT,GEORGE W. BUSH,REPUBLICAN,4068,7369,20220315,TOTAL
2004,ILLINOIS,IL,BOND,17005,US PRESIDENT,OTHER,OTHER,73,7369,20220315,TOTAL
2004,ILLINOIS,IL,BOONE,17007,US PRESIDENT,JOHN KERRY,DEMOCRAT,8286,19541,20220315,TOTAL
2004,ILLINOIS,IL,BOONE,17007,US PRESIDENT,GEORGE W. BUSH,REPUBLICAN,11132,19541,20220315,TOTAL
2004,ILLINOIS,IL,BOONE,17007,US PRESIDENT,OTHER,OTHER,123,19541,20220315,TOTAL
2004,ILLINOIS,IL,BROWN,17009,US PRESIDENT,JOHN KERRY,DEMOCRAT,895,2585,20220315,TOTAL
2004,ILLINOIS,IL,BROWN,17009,US PRESIDENT,GEORGE W. BUSH,REPUBLICAN,1679,2585,20220315,TOTAL
2004,ILLINOIS,IL,BROWN,17009,US PRESIDENT,OTHER,OTHER,11,2585,20220315,TOTAL
2004,ILLINOIS,IL,BUREAU,17011,US PRESIDENT,JOHN KERRY,DEMOCRAT,7961,17902,20220315,TOTAL
2004,ILLINOIS,IL,BUREAU,17011,US PRESIDENT,GEORGE W. BUSH,REPUBLICAN,9822,17902,20220315,TOTAL
2004,ILLINOIS,IL,BUREAU,17011,US PRESIDENT,OTHER,OTHER,119,17902,20220315,TOTAL
2004,ILLINOIS,IL,CALHOUN,17013,US PRESIDENT,JOHN KERRY,DEMOCRAT,1367,2706,20220315,TOTAL
2004,ILLINOIS,IL,CALHOUN,17013,US PRESIDENT,GEORGE W. BUSH,REPUBLICAN,1317,2706,20220315,TOTAL
2004,ILLINOIS,IL,CALHOUN,17013,US PRESIDENT,OTHER,OTHER,22,2706,20220315,TOTAL
2004,ILLINOIS,IL,CARROLL,17015,US PRESIDENT,JOHN KERRY,DEMOCRAT,3537,8135,20220315,TOTAL
2004,ILLINOIS,IL,CARROLL,17015,US PRESIDENT,GEORGE W. BUSH,REPUBLICAN,4534,8135,20220315,TOTAL
2004,ILLINOIS,IL,CARROLL,17015,US PRESIDENT,OTHER,OTHER,64,8135,20220315,TOTAL
2004,ILLINOIS,IL,CASS,17017,US PRESIDENT,JOHN KERRY,DEMOCRAT,2492,5700,20220315,TOTAL
2004,ILLINOIS,IL,CASS,17017,US PRESIDENT,GEORGE W. BUSH,REPUBLICAN,3163,5700,20220315,TOTAL
2004,ILLINOIS,IL,CASS,17017,US PRESIDENT,OTHER,OTHER,45,5700,20220315,TOTAL
2004,ILLINOIS,IL,CHAMPAIGN,17019,US PRESIDENT,JOHN KERRY,DEMOCRAT,41524,82434,20220315,TOTAL
2004,ILLINOIS,IL,CHAMPAIGN,17019,US PRESIDENT,GEORGE W. BUSH,REPUBLICAN,39896,82434,20220315,TOTAL
2004,ILLINOIS,IL,CHAMPAIGN,17019,US PRESIDENT,OTHER,OTHER,1014,82434,20220315,TOTAL
2008,CALIFORNIA,CA,ALAMEDA,6001,US PRESIDENT,BARACK OBAMA,DEMOCRAT,489106,621029,20220315,TOTAL
2008,CALIFORNIA,CA,ALAMEDA,6001,US PRESIDENT,JOHN MCCAIN,REPUBLICAN,119555,621029,20220315,TOTAL
2008,CALIFORNIA,CA,ALAMEDA,6001,US PRESIDENT,OTHER,OTHER,12368,621029,20220315,TOTAL
2008,CALIFORNIA,CA,ALPINE,6003,US PRESIDENT,BARACK OBAMA,DEMOCRAT,422,692,20220315,TOTAL
2008,CALIFORNIA,CA,ALPINE,6003,US PRESIDENT,JOHN MCCAIN,REPUBLICAN,252,692,20220315,TOTAL
2008,CALIFORNIA,CA,ALPINE,6003,US PRESIDENT,OTHER,OTHER,18,692,20220315,TOTAL
2008,CALIFORNIA,CA,AMADOR,6005,US PRESIDENT,BARACK OBAMA,DEMOCRAT,7813,18810,20220315,TOTAL
2008,CALIFORNIA,CA,AMADOR,6005,US PRESIDENT,JOHN MCCAIN,REPUBLICAN,10561,18810,20220315,TOTAL
2008,CALIFORNIA,CA,AMADOR,6005,US PRESIDENT,OTHER,OTHER,436,18810,20220315,TOTAL
2008,CALIFORNIA,CA,BUTTE,6007,US PRESIDENT,BARACK OBAMA,DEMOCRAT,49013,98325,20220315,TOTAL
2008,CALIFORNIA,CA,BUTTE,6007,US PRESIDENT,JOHN MCCAIN,REPUBLICAN,46706,98325,20220315,TOTAL
2008,CALIFORNIA,CA,BUTTE,6007,US PRESIDENT,OTHER,OTHER,2606,98325,20220315,TOTAL
2008,CALIFORNIA,CA,CALAVERAS,6009,US PRESIDENT,BARACK OBAMA,DEMOCRAT,9813,23306,20220315,TOTAL
2008,CALIFORNIA,CA,CALAVERAS,6009,US PRESIDENT,JOHN MCCAIN,REPUBLICAN,12835,23306,20220315,TOTAL
2008,CALIFORNIA,CA,CALAVERAS,6009,US PRESIDENT,OTHER,OTHER,658,23306,20220315,TOTAL
2008,CALIFORNIA,CA,COLUSA,6011,US PRESIDENT,BARACK OBAMA,DEMOCRAT,2569,6429,20220315,TOTAL
2008,CALIFORNIA,CA,COLUSA,6011,US PRESIDENT,JOHN MCCAIN,REPUBLICAN,3733,6429,20220315,TOTAL
2008,CALIFORNIA,CA,COLUSA,6011,US PRESIDENT,OTHER,OTHER,127,6429,20220315,TOTAL
2008,CALIFORNIA,CA,CONTRA COSTA,6013,US PRESIDENT,BARACK OBAMA,DEMOCRAT,306983,451650,20220315,TOTAL
2008,CALIFORNIA,CA,CONTRA COSTA,6013,US PRESIDENT,JOHN MCCAIN,REPUBLICAN,136436,451650,20220315,TOTAL
2008,CALIFORNIA,CA,CONTRA COSTA,6013,US PRESIDENT,OTHER,OTHER,8231,451650,20220315,TOTAL
2008,CALIFORNIA,CA,DEL NORTE,6015,US PRESIDENT,BARACK OBAMA,DEMOCRAT,4323,9531,20220315,TOTAL
2008,CALIFORNIA,CA,DEL NORTE,6015,US PRESIDENT,JOHN MCCAIN,REPUBLICAN,4967,9531,20220315,TOTAL
2008,CALIFORNIA,CA,DEL NORTE,6015,US PRESIDENT,OTHER,OTHER,241,9531,20220315,TOTAL
2008,CALIFORNIA,CA,EL DORADO,6017,US PRESIDENT,BARACK OBAMA,DEMOCRAT,40529,92926,20220315,TOTAL
2008,CALIFORNIA,CA,EL DORADO,6017,US PRESIDENT,JOHN MCCAIN,REPUBLICAN,50314,92926,20220315,TOTAL
2008,CALIFORNIA,CA,EL DORADO,6017,US PRESIDENT,OTHER,OTHER,2083,92926,20220315,TOTAL
2008,CALIFORNIA,CA,FRESNO,6019,US PRESIDENT,BARACK OBAMA,DEMOCRAT,136706,272289,20220315,TOTAL
2008,CALIFORNIA,CA,FRESNO,6019,US PRESIDENT,JOHN MCCAIN,REPUBLICAN,131015,272289,20220315,TOTAL
2008,CALIFORNIA,CA,FRESNO,6019,US PRESIDENT,OTHER,OTHER,4568,272289,20220315,TOTAL
2008,FLORIDA,FL,ALACHUA,12001,US PRESIDENT,BARACK OBAMA,DEMOCRAT,75565,125519,20220315,TOTAL
2008,FLORIDA,FL,ALACHUA,12001,US PRESIDENT,JOHN MCCAIN,REPUBLICAN,48513,125519,20220315,TOTAL
2008,FLORIDA,FL,ALACHUA,12001,US PRESIDENT,OTHER,OTHER,1441,125519,20220315,TOTAL
2008,FLORIDA,FL,BAKER,12003,US PRESIDENT,BARACK OBAMA,DEMOCRAT,2327,11059,20220315,TOTAL
2008,FLORIDA,FL,BAKER,12003,US PRESIDENT,JOHN MCCAIN,REPUBLICAN,8672,11059,20220315,TOTAL
2008,FLORIDA,FL,BAKER,12003,US PRESIDENT,OTHER,OTHER,60,11059,20220315,TOTAL
2008,FLORIDA,FL,BAY,12005,US PRESIDENT,BARACK OBAMA,DEMOCRAT,23653,81127,20220315,TOTAL
2008,FLORIDA,FL,BAY,12005,US PRESIDENT,JOHN MCCAIN,REPUBLICAN,56683,81127,20220315,TOTAL
2008,FLORIDA,FL,BAY,12005,US PRESIDENT,OTHER,OTHER,791,81127,20220315,TOTAL
2008,FLORIDA,FL,BRADFORD,12007,US PRESIDENT,BARACK OBAMA,DEMOCRAT,3430,11676,20220315,TOTAL
2008,FLORIDA,FL,BRADFORD,12007,US PRESIDENT,JOHN MCCAIN,REPUBLICAN,8136,11676,20220315,TOTAL
2008,FLORIDA,FL,BRADFORD,12007,US PRESIDENT,OTHER,OTHER,110,11676,20220315,TOTAL
2008,FLORIDA,FL,BREVARD,12009,US PRESIDENT,BARACK OBAMA,DEMOCRAT,127620,287859,20220315,TOTAL
2008,FLORIDA,FL,BREVARD,12009,US PRESIDENT,JOHN MCCAIN,REPUBLICAN,157589,287859,20220315,TOTAL
2008,FLORIDA,FL,BREVARD,12009,US PRESIDENT,OTHER,OTHER,2650,287859,20220315,TOTAL
2008,FLORIDA,FL,BROWARD,12011,US PRESIDENT,BARACK OBAMA,DEMOCRAT,492640,733899,20220315,TOTAL
2008,FLORIDA,FL,BROWARD,12011,US PRESIDENT,JOHN MCCAIN,REPUBLICAN,237729,733899,20220315,TOTAL
2008,FLORIDA,FL,BROWARD,12011,US PRESIDENT,OTHER,OTHER,3530,733899,20220315,TOTAL
2008,FLORIDA,FL,CALHOUN,12013,US PRESIDENT,BARACK OBAMA,DEMOCRAT,1821,6244,20220315,TOTAL
2008,FLORIDA,FL,CALHOUN,12013,US PRESIDENT,JOHN MCCAIN,REPUBLICAN,4345,6244,20220315,TOTAL
2008,FLORIDA,FL,CALHOUN,12013,US PRESIDENT,OTHER,OTHER,78,6244,20220315,TOTAL
2008,FLORIDA,FL,CHARLOTTE,12015,US PRESIDENT,BARACK OBAMA,DEMOCRAT,39031,85158,20220315,TOTAL
2008,FLORIDA,FL,CHARLOTTE,12015,US PRESIDENT,JOHN MCCAIN,REPUBLICAN,45205,85158,20220315,TOTAL
2008,FLORIDA,FL,CHARLOTTE,12015,US PRESIDENT,OTHER,OTHER,922,85158,20220315,TOTAL
2008,FLORIDA,FL,CITRUS,12017,US PRESIDENT,BARACK OBAMA,DEMOCRAT,31460,76158,20220315,TOTAL
2008,FLORIDA,FL,CITRUS,12017,US PRESIDENT,JOHN MCCAIN,REPUBLICAN,43706,76158,20220315,TOTAL
2008,FLORIDA,FL,CITRUS,12017,US PRESIDENT,OTHER,OTHER,992,76158,20220315,TOTAL
2008,FLORIDA,FL,CLAY,12019,US PRESIDENT,BARACK OBAMA,DEMOCRAT,26697,94577,20220315,TOTAL
2008,FLORIDA,FL,CLAY,12019,US PRESIDENT,JOHN MCCAIN,REPUBLICAN,67203,94577,20220315,TOTAL
2008,FLORIDA,FL,CLAY,12019,US PRESIDENT,OTHER,OTHER,677,94577,20220315,TOTAL
2008,ILLINOIS,IL,ADAMS,17001,US PRESIDENT,BARACK OBAMA,DEMOCRAT,11794,30823,20220315,TOTAL
2008,ILLINOIS,IL,ADAMS,17001,US PRESIDENT,JOHN MCCAIN,REPUBLICAN,18711,30823,20220315,TOTAL
2008,ILLINOIS,IL,ADAMS,17001,US PRESIDENT,OTHER,OTHER,318,30823,20220315,TOTAL
2008,ILLINOIS,IL,ALEXANDER,17003,US PRESIDENT,BARACK OBAMA,DEMOCRAT,2189,3937,20220315,TOTAL
2008,ILLINOIS,IL,ALEXANDER,17003,US PRESIDENT,JOHN MCCAIN,REPUBLICAN,1692,3937,20220315,TOTAL
2008,ILLINOIS,IL,ALEXANDER,17003,US PRESIDENT,OTHER,OTHER,56,3937,20220315,TOTAL
2008,ILLINOIS,IL,BOND,17005,US PRESIDENT,BARACK OBAMA,DEMOCRAT,3843,7924,20220315,TOTAL
2008,ILLINOIS,IL,BOND,17005,US PRESIDENT,JOHN MCCAIN,REPUBLICAN,3947,7924,20220315,TOTAL
2008,ILLINOIS,IL,BOND,17005,US PRESIDENT,OTHER,OTHER,134,7924,20220315,TOTAL
2008,ILLINOIS,IL,BOONE,17007,US PRESIDENT,BARACK OBAMA,DEMOCRAT,11333,22157,20220315,TOTAL
2008,ILLINOIS,IL,BOONE,17007,US PRESIDENT,JOHN MCCAIN,REPUBLICAN,10403,22157,20220315,TOTAL
2008,ILLINOIS,IL,BOONE,17007,US PRESIDENT,OTHER,OTHER,421,22157,20220315,TOTAL
2008,ILLINOIS,IL,BROWN,17009,US PRESIDENT,BARACK OBAMA,DEMOCRAT,986,2569,20220315,TOTAL
2008,ILLINOIS,IL,BROWN,17009,US PRESIDENT,JOHN MCCAIN,REPUBLICAN,1544,2569,20220315,TOTAL
2008,ILLINOIS,IL,BROWN,17009,US PRESIDENT,OTHER,OTHER,39,2569,20220315,TOTAL
2008,ILLINOIS,IL,BUREAU,17011,US PRESIDENT,BARACK OBAMA,DEMOCRAT,8889,17113,20220315,TOTAL
2008,ILLINOIS,IL,BUREAU,17011,US PRESIDENT,JOHN MCCAIN,REPUBLICAN,7911,17113,20220315,TOTAL
2008,ILLINOIS,IL,BUREAU,17011,US PRESIDENT,OTHER,OTHER,313,17113,20220315,TOTAL
2008,ILLINOIS,IL,CALHOUN,17013,US PRESIDENT,BARACK OBAMA,DEMOCRAT,1423,2699,20220315,TOTAL
2008,ILLINOIS,IL,CALHOUN,17013,US PRESIDENT,JOHN MCCAIN,REPUBLICAN,1221,2699,20220315,TOTAL
2008,ILLINOIS,IL,CALHOUN,17013,US PRESIDENT,OTHER,OTHER,55,2699,20220315,TOTAL
2008,ILLINOIS,IL,CARROLL,17015,US PRESIDENT,BARACK OBAMA,DEMOCRAT,3965,7674,20220315,TOTAL
2008,ILLINOIS,IL,CARROLL,17015,US PRESIDENT,JOHN MCCAIN,REPUBLICAN,3596,7674,20220315,TOTAL
2008,ILLINOIS,IL,CARROLL,17015,US PRESIDENT,OTHER,OTHER,113,7674,20220315,TOTAL
2008,ILLINOIS,IL,CASS,17017,US PRESIDENT,BARACK OBAMA,DEMOCRAT,2690,5408,20220315,TOTAL
2008,ILLINOIS,IL,CASS,17017,US PRESIDENT,JOHN MCCAIN,REPUBLICAN,2617,5408,20220315,TOTAL
2008,ILLINOIS,IL,CASS,17017,US PRESIDENT,OTHER,OTHER,101,5408,20220315,TOTAL
2008,ILLINOIS,IL,CHAMPAIGN,17019,US PRESIDENT,BARACK OBAMA,DEMOCRAT,48597,84143,20220315,TOTAL
2008,ILLINOIS,IL,CHAMPAIGN,17019,US PRESIDENT,JOHN MCCAIN,REPUBLICAN,33871,84143,20220315,TOTAL
2008,ILLINOIS,IL,CHAMPAIGN,17019,US PRESIDENT,OTHER,OTHER,1675,84143,20220315,TOTAL
2012,CALIFORNIA,CA,ALAMEDA,6001,US PRESIDENT,BARACK OBAMA,DEMOCRAT,469684,595642,20220315,TOTAL
2012,CALIFORNIA,CA,ALAMEDA,6001,US PRESIDENT,MITT ROMNEY,REPUBLICAN,108182,595642,20220315,TOTAL
2012,CALIFORNIA,CA,ALAMEDA,6001,US PRESIDENT,OTHER,OTHER,17776,595642,20220315,TOTAL
2012,CALIFORNIA,CA,ALPINE,6003,US PRESIDENT,BARACK OBAMA,DEMOCRAT,389,653,20220315,TOTAL
2012,CALIFORNIA,CA,ALPINE,6003,US PRESIDENT,MITT ROMNEY,REPUBLICAN,236,653,20220315,TOTAL
2012,CALIFORNIA,CA,ALPINE,6003,US PRESIDENT,OTHER,OTHER,28,653,20220315,TOTAL
2012,CALIFORNIA,CA,AMADOR,6005,US PRESIDENT,BARACK OBAMA,DEMOCRAT,6830,17649,20220315,TOTAL
2012,CALIFORNIA,CA,AMADOR,6005,US PRESIDENT,MITT ROMNEY,REPUBLICAN,10281,17649,20220315,TOTAL
2012,CALIFORNIA,CA,AMADOR,6005,US PRESIDENT,OTHER,OTHER,538,17649,20220315,TOTAL
2012,CALIFORNIA,CA,BUTTE,6007,US PRESIDENT,BARACK OBAMA,DEMOCRAT,42669,90752,20220315,TOTAL
2012,CALIFORNIA,CA,BUTTE,6007,US PRESIDENT,MITT ROMNEY,REPUBLICAN,44479,90752,20220315,TOTAL
2012,CALIFORNIA,CA,BUTTE,6007,US PRESIDENT,OTHER,OTHER,3604,90752,20220315,TOTAL
2012,CALIFORNIA,CA,CALAVERAS,6009,US PRESIDENT,BARACK OBAMA,DEMOCRAT,8670,21786,20220315,TOTAL
2012,CALIFORNIA,CA,CALAVERAS,6009,US PRESIDENT,MITT ROMNEY,REPUBLICAN,12365,21786,20220315,TOTAL
2012,CALIFORNIA,CA,CALAVERAS,6009,US PRESIDENT,OTHER,OTHER,751,21786,20220315,TOTAL
2012,CALIFORNIA,CA,COLUSA,6011,US PRESIDENT,BARACK OBAMA,DEMOCRAT,2314,6034,20220315,TOTAL
2012,CALIFORNIA,CA,COLUSA,6011,US PRESIDENT,MITT ROMNEY,REPUBLICAN,3601,6034,20220315,TOTAL
2012,CALIFORNIA,CA,COLUSA,6011,US PRESIDENT,OTHER,OTHER,119,6034,20220315,TOTAL
2012,CALIFORNIA,CA,CONTRA COSTA,6013,US PRESIDENT,BARACK OBAMA,DEMOCRAT,290824,438226,20220315,TOTAL
2012,CALIFORNIA,CA,CONTRA COSTA,6013,US PRESIDENT,MITT ROMNEY,REPUBLICAN,136517,438226,20220315,TOTAL
2012,CALIFORNIA,CA,CONTRA COSTA,6013,US PRESIDENT,OTHER,OTHER,10885,438226,20220315,TOTAL
2012,CALIFORNIA,CA,DEL NORTE,6015,US PRESIDENT,BARACK OBAMA,DEMOCRAT,3791,8770,20220315,TOTAL
2012,CALIFORNIA,CA,DEL NORTE,6015,US PRESIDENT,MITT ROMNEY,REPUBLICAN,4614,8770,20220315,TOTAL
2012,CALIFORNIA,CA,DEL NORTE,6015,US PRESIDENT,OTHER,OTHER,365,8770,20220315,TOTAL
2012,CALIFORNIA,CA,EL DORADO,6017,US PRESIDENT,BARACK OBAMA,DEMOCRAT,35166,88774,20220315,TOTAL
2012,CALIFORNIA,CA,EL DORADO,6017,US PRESIDENT,MITT ROMNEY,REPUBLICAN,50973,88774,20220315,TOTAL
2012,CALIFORNIA,CA,EL DORADO,6017,US PRESIDENT,OTHER,OTHER,2635,88774,20220315,TOTAL
2012,CALIFORNIA,CA,FRESNO,6019,US PRESIDENT,BARACK OBAMA,DEMOCRAT,129129,258827,20220315,TOTAL
2012,CALIFORNIA,CA,FRESNO,6019,US PRESIDENT,MITT ROMNEY,REPUBLICAN,124490,258827,20220315,TOTAL
2012,CALIFORNIA,CA,FRESNO,6019,US PRESIDENT,OTHER,OTHER,5208,258827,20220315,TOTAL
2012,FLORIDA,FL,ALACHUA,12001,US PRESIDENT,BARACK OBAMA,DEMOCRAT,69699,120418,20220315,TOTAL
2012,FLORIDA,FL,ALACHUA,12001,US PRESIDENT,MITT ROMNEY,REPUBLICAN,48797,120418,20220315,TOTAL
2012,FLORIDA,FL,ALACHUA,12001,US PRESIDENT,OTHER,OTHER,1922,120418,20220315,TOTAL
2012,FLORIDA,FL,BAKER,12003,US PRESIDENT,BARACK OBAMA,DEMOCRAT,2311,11368,20220315,TOTAL
2012,FLORIDA,FL,BAKER,12003,US PRESIDENT,MITT ROMNEY,REPUBLICAN,8975,11368,20220315,TOTAL
2012,FLORIDA,FL,BAKER,12003,US PRESIDENT,OTHER,OTHER,82,11368,20220315,TOTAL
2012,FLORIDA,FL,BAY,12005,US PRESIDENT,BARACK OBAMA,DEMOCRAT,22051,79861,20220315,TOTAL
2012,FLORIDA,FL,BAY,12005,US PRESIDENT,MITT ROMNEY,REPUBLICAN,56876,79861,20220315,TOTAL
2012,FLORIDA,FL,BAY,12005,US PRESIDENT,OTHER,OTHER,934,79861,20220315,TOTAL
2012,FLORIDA,FL,BRADFORD,12007,US PRESIDENT,BARACK OBAMA,DEMOCRAT,3325,11635,20220315,TOTAL
2012,FLORIDA,FL,BRADFORD,12007,US PRESIDENT,MITT ROMNEY,REPUBLICAN,8219,11635,20220315,TOTAL
2012,FLORIDA,FL,BRADFORD,12007,US PRESIDENT,OTHER,OTHER,91,11635,20220315,TOTAL
2012,FLORIDA,FL,BREVARD,12009,US PRESIDENT,BARACK OBAMA,DEMOCRAT,122993,285559,20220315,TOTAL
2012,FLORIDA,FL,BREVARD,12009,US PRESIDENT,MITT ROMNEY,REPUBLICAN,159300,285559,20220315,TOTAL
2012,FLORIDA,FL,BREVARD,12009,US PRESIDENT,OTHER,OTHER,3266,285559,20220315,TOTAL
2012,FLORIDA,FL,BROWARD,12011,US PRESIDENT,BARACK OBAMA,DEMOCRAT,508312,756422,20220315,TOTAL
2012,FLORIDA,FL,BROWARD,12011,US PRESIDENT,MITT ROMNEY,REPUBLICAN,244101,756422,20220315,TOTAL
2012,FLORIDA,FL,BROWARD,12011,US PRESIDENT,OTHER,OTHER,4009,756422,20220315,TOTAL
2012,FLORIDA,FL,CALHOUN,12013,US PRESIDENT,BARACK OBAMA,DEMOCRAT,1664,6152,20220315,TOTAL
2012,FLORIDA,FL,CALHOUN,12013,US PRESIDENT,MITT ROMNEY,REPUBLICAN,4366,6152,20220315,TOTAL
2012,FLORIDA,FL,CALHOUN,12013,US PRESIDENT,OTHER,OTHER,122,6152,20220315,TOTAL
2012,FLORIDA,FL,CHARLOTTE,12015,US PRESIDENT,BARACK OBAMA,DEMOCRAT,35906,84682,20220315,TOTAL
2012,FLORIDA,FL,CHARLOTTE,12015,US PRESIDENT,MITT ROMNEY,REPUBLICAN,47996,84682,20220315,TOTAL
2012,FLORIDA,FL,CHARLOTTE,12015,US PRESIDENT,OTHER,OTHER,780,84682,20220315,TOTAL
2012,FLORIDA,FL,CITRUS,12017,US PRESIDENT,BARACK OBAMA,DEMOCRAT,28460,73935,20220315,TOTAL
2012,FLORIDA,FL,CITRUS,12017,US PRESIDENT,MITT ROMNEY,REPUBLICAN,44662,73935,20220315,TOTAL
2012,FLORIDA,FL,CITRUS,12017,US PRESIDENT,OTHER,OTHER,813,73935,20220315,TOTAL
2012,FLORIDA,FL,CLAY,12019,US PRESIDENT,BARACK OBAMA,DEMOCRAT,25759,96589,20220315,TOTAL
2012,FLORIDA,FL,CLAY,12019,US PRESIDENT,MITT ROMNEY,REPUBLICAN,70022,96589,20220315,TOTAL
2012,FLORIDA,FL,CLAY,12019,US PRESIDENT,OTHER,OTHER,808,96589,20220315,TOTAL
2012,ILLINOIS,IL,ADAMS,17001,US PRESIDENT,BARACK OBAMA,DEMOCRAT,9648,30607,20220315,TOTAL
2012,ILLINOIS,IL,ADAMS,17001,US PRESIDENT,MITT ROMNEY,REPUBLICAN,20416,30607,20220315,TOTAL
2012,ILLINOIS,IL,ADAMS,17001,US PRESIDENT,OTHER,OTHER,543,30607,20220315,TOTAL
2012,ILLINOIS,IL,ALEXANDER,17003,US PRESIDENT,BARACK OBAMA,DEMOCRAT,1965,3501,20220315,TOTAL
2012,ILLINOIS,IL,ALEXANDER,17003,US PRESIDENT,MITT ROMNEY,REPUBLICAN,1487,3501,20220315,TOTAL
2012,ILLINOIS,IL,ALEXANDER,17003,US PRESIDENT,OTHER,OTHER,49,3501,20220315,TOTAL
2012,ILLINOIS,IL,BOND,17005,US PRESIDENT,BARACK OBAMA,DEMOCRAT,3020,7336,20220315,TOTAL
2012,ILLINOIS,IL,BOND,17005,US PRESIDENT,MITT ROMNEY,REPUBLICAN,4095,7336,20220315,TOTAL
2012,ILLINOIS,IL,BOND,17005,US PRESIDENT,OTHER,OTHER,221,7336,20220315,TOTAL
2012,ILLINOIS,IL,BOONE,17007,US PRESIDENT,BARACK OBAMA,DEMOCRAT,9883,21365,20220315,TOTAL
2012,ILLINOIS,IL,BOONE,17007,US PRESIDENT,MITT ROMNEY,REPUBLICAN,11096,21365,20220315,TOTAL
2012,ILLINOIS,IL,BOONE,17007,US PRESIDENT,OTHER,OTHER,386,21365,20220315,TOTAL
2012,ILLINOIS,IL,BROWN,17009,US PRESIDENT,BARACK OBAMA,DEMOCRAT,787,2364,20220315,TOTAL
2012,ILLINOIS,IL,BROWN,17009,US PRESIDENT,MITT ROMNEY,REPUBLICAN,1513,2364,20220315,TOTAL
2012,ILLINOIS,IL,BROWN,17009,US PRESIDENT,OTHER,OTHER,64,2364,20220315,TOTAL
2012,ILLINOIS,IL,BUREAU,17011,US PRESIDENT,BARACK OBAMA,DEMOCRAT,8134,16631,20220315,TOTAL
2012,ILLINOIS,IL,BUREAU,17011,US PRESIDENT,MITT ROMNEY,REPUBLICAN,8164,16631,20220315,TOTAL
2012,ILLINOIS,IL,BUREAU,17011,US PRESIDENT,OTHER,OTHER,333,16631,20220315,TOTAL
2012,ILLINOIS,IL,CALHOUN,17013,US PRESIDENT,BARACK OBAMA,DEMOCRAT,1080,2576,20220315,TOTAL
2012,ILLINOIS,IL,CALHOUN,17013,US PRESIDENT,MITT ROMNEY,REPUBLICAN,1440,2576,20220315,TOTAL
2012,ILLINOIS,IL,CALHOUN,17013,US PRESIDENT,OTHER,OTHER,56,2576,20220315,TOTAL
2012,ILLINOIS,IL,CARROLL,17015,US PRESIDENT,BARACK OBAMA,DEMOCRAT,3665,7386,20220315,TOTAL
2012,ILLINOIS,IL,CARROLL,17015,US PRESIDENT,MITT ROMNEY,REPUBLICAN,3555,7386,20220315,TOTAL
2012,ILLINOIS,IL,CARROLL,17015,US PRESIDENT,OTHER,OTHER,166,7386,20220315,TOTAL
2012,ILLINOIS,IL,CASS,17017,US PRESIDENT,BARACK OBAMA,DEMOCRAT,2053,4862,20220315,TOTAL
2012,ILLINOIS,IL,CASS,17017,US PRESIDENT,MITT ROMNEY,REPUBLICAN,2707,4862,20220315,TOTAL
2012,ILLINOIS,IL,CASS,17017,US PRESIDENT,OTHER,OTHER,102,4862,20220315,TOTAL
2012,ILLINOIS,IL,CHAMPAIGN,17019,US PRESIDENT,BARACK OBAMA,DEMOCRAT,40831,78359,20220315,TOTAL
2012,ILLINOIS,IL,CHAMPAIGN,17019,US PRESIDENT,MITT ROMNEY,REPUBLICAN,35312,78359,20220315,TOTAL
2012,ILLINOIS,IL,CHAMPAIGN,17019,US PRESIDENT,OTHER,OTHER,2216,78359,20220315,TOTAL
2016,CALIFORNIA,CA,ALAMEDA,6001,US PRESIDENT,HILLARY CLINTON,DEMOCRAT,514842,654266,20220315,TOTAL
2016,CALIFORNIA,CA,ALAMEDA,6001,US PRESIDENT,DONALD TRUMP,REPUBLICAN,95922,654266,20220315,TOTAL
2016,CALIFORNIA,CA,ALAMEDA,6001,US PRESIDENT,OTHER,OTHER,43502,654266,20220315,TOTAL
2016,CALIFORNIA,CA,ALPINE,6003,US PRESIDENT,HILLARY CLINTON,DEMOCRAT,334,602,20220315,TOTAL
2016,CALIFORNIA,CA,ALPINE,6003,US PRESIDENT,DONALD TRUMP,REPUBLICAN,217,602,20220315,TOTAL
2016,CALIFORNIA,CA,ALPINE,6003,US PRESIDENT,OTHER,OTHER,51,602,20220315,TOTAL
2016,CALIFORNIA,CA,AMADOR,6005,US PRESIDENT,HILLARY CLINTON,DEMOCRAT,6004,17734,20220315,TOTAL
2016,CALIFORNIA,CA,AMADOR,6005,US PRESIDENT,DONALD TRUMP,REPUBLICAN,10485,17734,20220315,TOTAL
2016,CALIFORNIA,CA,AMADOR,6005,US PRESIDENT,OTHER,OTHER,1245,17734,20220315,TOTAL
2016,CALIFORNIA,CA,BUTTE,6007,US PRESIDENT,HILLARY CLINTON,DEMOCRAT,41567,95564,20220315,TOTAL
2016,CALIFORNIA,CA,BUTTE,6007,US PRESIDENT,DONALD TRUMP,REPUBLICAN,45144,95564,20220315,TOTAL
2016,CALIFORNIA,CA,BUTTE,6007,US PRESIDENT,OTHER,OTHER,8853,95564,20220315,TOTAL
2016,CALIFORNIA,CA,CALAVERAS,6009,US PRESIDENT,HILLARY CLINTON,DEMOCRAT,7944,23136,20220315,TOTAL
2016,CALIFORNIA,CA,CALAVERAS,6009,US PRESIDENT,DONALD TRUMP,REPUBLICAN,13511,23136,20220315,TOTAL
2016,CALIFORNIA,CA,CALAVERAS,6009,US PRESIDENT,OTHER,OTHER,1681,23136,20220315,TOTAL
2016,CALIFORNIA,CA,COLUSA,6011,US PRESIDENT,HILLARY CLINTON,DEMOCRAT,2661,6632,20220315,TOTAL
2016,CALIFORNIA,CA,COLUSA,6011,US PRESIDENT,DONALD TRUMP,REPUBLICAN,3551,6632,20220315,TOTAL
2016,CALIFORNIA,CA,COLUSA,6011,US PRESIDENT,OTHER,OTHER,420,6632,20220315,TOTAL
2016,CALIFORNIA,CA,CONTRA COSTA,6013,US PRESIDENT,HILLARY CLINTON,DEMOCRAT,319287,466175,20220315,TOTAL
2016,CALIFORNIA,CA,CONTRA COSTA,6013,US PRESIDENT,DONALD TRUMP,REPUBLICAN,115956,466175,20220315,TOTAL
2016,CALIFORNIA,CA,CONTRA COSTA,6013,US PRESIDENT,OTHER,OTHER,30932,466175,20220315,TOTAL
2016,CALIFORNIA,CA,DEL NORTE,6015,US PRESIDENT,HILLARY CLINTON,DEMOCRAT,3485,9558,20220315,TOTAL
2016,CALIFORNIA,CA,DEL NORTE,6015,US PRESIDENT,DONALD TRUMP,REPUBLICAN,5134,9558,20220315,TOTAL
2016,CALIFORNIA,CA,DEL NORTE,6015,US PRESIDENT,OTHER,OTHER,939,9558,20220315,TOTAL
2016,CALIFORNIA,CA,EL DORADO,6017,US PRESIDENT,HILLARY CLINTON,DEMOCRAT,36404,93591,20220315,TOTAL
2016,CALIFORNIA,CA,EL DORADO,6017,US PRESIDENT,DONALD TRUMP,REPUBLICAN,49247,93591,20220315,TOTAL
2016,CALIFORNIA,CA,EL DORADO,6017,US PRESIDENT,OTHER,OTHER,7940,93591,20220315,TOTAL
2016,CALIFORNIA,CA,FRESNO,6019,US PRESIDENT,HILLARY CLINTON,DEMOCRAT,141341,282319,20220315,TOTAL
2016,CALIFORNIA,CA,FRESNO,6019,US PRESIDENT,DONALD TRUMP,REPUBLICAN,124049,282319,20220315,TOTAL
2016,CALIFORNIA,CA,FRESNO,6019,US PRESIDENT,OTHER,OTHER,16929,282319,20220315,TOTAL
2016,FLORIDA,FL,ALACHUA,12001,US PRESIDENT,HILLARY CLINTON,DEMOCRAT,75820,128571,20220315,TOTAL
2016,FLORIDA,FL,ALACHUA,12001,US PRESIDENT,DONALD TRUMP,REPUBLICAN,46834,128571,20220315,TOTAL
2016,FLORIDA,FL,ALACHUA,12001,US PRESIDENT,OTHER,OTHER,5917,128571,20220315,TOTAL
2016,FLORIDA,FL,BAKER,12003,US PRESIDENT,HILLARY CLINTON,DEMOCRAT,2112,12634,20220315,TOTAL
2016,FLORIDA,FL,BAKER,12003,US PRESIDENT,DONALD TRUMP,REPUBLICAN,10294,12634,20220315,TOTAL
2016,FLORIDA,FL,BAKER,12003,US PRESIDENT,OTHER,OTHER,228,12634,20220315,TOTAL
2016,FLORIDA,FL,BAY,12005,US PRESIDENT,HILLARY CLINTON,DEMOCRAT,21797,87453,20220315,TOTAL
2016,FLORIDA,FL,BAY,12005,US PRESIDENT,DONALD TRUMP,REPUBLICAN,62194,87453,20220315,TOTAL
2016,FLORIDA,FL,BAY,12005,US PRESIDENT,OTHER,OTHER,3462,87453,20220315,TOTAL
2016,FLORIDA,FL,BRADFORD,12007,US PRESIDENT,HILLARY CLINTON,DEMOCRAT,2924,12098,20220315,TOTAL
2016,FLORIDA,FL,BRADFORD,12007,US PRESIDENT,DONALD TRUMP,REPUBLICAN,8913,12098,20220315,TOTAL
2016,FLORIDA,FL,BRADFORD,12007,US PRESIDENT,OTHER,OTHER,261,12098,20220315,TOTAL
2016,FLORIDA,FL,BREVARD,12009,US PRESIDENT,HILLARY CLINTON,DEMOCRAT,119679,314752,20220315,TOTAL
2016,FLORIDA,FL,BREVARD,12009,US PRESIDENT,DONALD TRUMP,REPUBLICAN,181848,314752,20220315,TOTAL
2016,FLORIDA,FL,BREVARD,12009,US PRESIDENT,OTHER,OTHER,13225,314752,20220315,TOTAL
2016,FLORIDA,FL,BROWARD,12011,US PRESIDENT,HILLARY CLINTON,DEMOCRAT,553320,831951,20220315,TOTAL
2016,FLORIDA,FL,BROWARD,12011,US PRESIDENT,DONALD TRUMP,REPUBLICAN,260951,831951,20220315,TOTAL
2016,FLORIDA,FL,BROWARD,12011,US PRESIDENT,OTHER,OTHER,17680,831951,20220315,TOTAL
2016,FLORIDA,FL,CALHOUN,12013,US PRESIDENT,HILLARY CLINTON,DEMOCRAT,1241,6081,20220315,TOTAL
2016,FLORIDA,FL,CALHOUN,12013,US PRESIDENT,DONALD TRUMP,REPUBLICAN,4655,6081,20220315,TOTAL
2016,FLORIDA,FL,CALHOUN,12013,US PRESIDENT,OTHER,OTHER,185,6081,20220315,TOTAL
2016,FLORIDA,FL,CHARLOTTE,12015,US PRESIDENT,HILLARY CLINTON,DEMOCRAT,33445,96374,20220315,TOTAL
2016,FLORIDA,FL,CHARLOTTE,12015,US PRESIDENT,DONALD TRUMP,REPUBLICAN,60218,96374,20220315,TOTAL
2016,FLORIDA,FL,CHARLOTTE,12015,US PRESIDENT,OTHER,OTHER,2711,96374,20220315,TOTAL
2016,FLORIDA,FL,CITRUS,12017,US PRESIDENT,HILLARY CLINTON,DEMOCRAT,22789,79700,20220315,TOTAL
2016,FLORIDA,FL,CITRUS,12017,US PRESIDENT,DONALD TRUMP,REPUBLICAN,54456,79700,20220315,TOTAL
2016,FLORIDA,FL,CITRUS,12017,US PRESIDENT,OTHER,OTHER,2455,79700,20220315,TOTAL
2016,FLORIDA,FL,CLAY,12019,US PRESIDENT,HILLARY CLINTON,DEMOCRAT,27822,106483,20220315,TOTAL
2016,FLORIDA,FL,CLAY,12019,US PRESIDENT,DONALD TRUMP,REPUBLICAN,74963,106483,20220315,TOTAL
2016,FLORIDA,FL,CLAY,12019,US PRESIDENT,OTHER,OTHER,3698,106483,20220315,TOTAL
2016,ILLINOIS,IL,ADAMS,17001,US PRESIDENT,HILLARY CLINTON,DEMOCRAT,7676,31951,20220315,TOTAL
2016,ILLINOIS,IL,ADAMS,17001,US PRESIDENT,DONALD TRUMP,REPUBLICAN,22790,31951,20220315,TOTAL
2016,ILLINOIS,IL,ADAMS,17001,US PRESIDENT,OTHER,OTHER,1485,31951,20220315,TOTAL
2016,ILLINOIS,IL,ALEXANDER,17003,US PRESIDENT,HILLARY CLINTON,DEMOCRAT,1262,2846,20220315,TOTAL
2016,ILLINOIS,IL,ALEXANDER,17003,US PRESIDENT,DONALD TRUMP,REPUBLICAN,1496,2846,20220315,TOTAL
2016,ILLINOIS,IL,ALEXANDER,17003,US PRESIDENT,OTHER,OTHER,88,2846,20220315,TOTAL
2016,ILLINOIS,IL,BOND,17005,US PRESIDENT,HILLARY CLINTON,DEMOCRAT,2068,7530,20220315,TOTAL
2016,ILLINOIS,IL,BOND,17005,US PRESIDENT,DONALD TRUMP,REPUBLICAN,4888,7530,20220315,TOTAL
2016,ILLINOIS,IL,BOND,17005,US PRESIDENT,OTHER,OTHER,574,7530,20220315,TOTAL
2016,ILLINOIS,IL,BOONE,17007,US PRESIDENT,HILLARY CLINTON,DEMOCRAT,8986,23001,20220315,TOTAL
2016,ILLINOIS,IL,BOONE,17007,US PRESIDENT,DONALD TRUMP,REPUBLICAN,12282,23001,20220315,TOTAL
2016,ILLINOIS,IL,BOONE,17007,US PRESIDENT,OTHER,OTHER,1733,23001,20220315,TOTAL
2016,ILLINOIS,IL,BROWN,17009,US PRESIDENT,HILLARY CLINTON,DEMOCRAT,476,2379,20220315,TOTAL
2016,ILLINOIS,IL,BROWN,17009,US PRESIDENT,DONALD TRUMP,REPUBLICAN,1796,2379,20220315,TOTAL
2016,ILLINOIS,IL,BROWN,17009,US PRESIDENT,OTHER,OTHER,107,2379,20220315,TOTAL
2016,ILLINOIS,IL,BUREAU,17011,US PRESIDENT,HILLARY CLINTON,DEMOCRAT,6029,16571,20220315,TOTAL
2016,ILLINOIS,IL,BUREAU,17011,US PRESIDENT,DONALD TRUMP,REPUBLICAN,9281,16571,20220315,TOTAL
2016,ILLINOIS,IL,BUREAU,17011,US PRESIDENT,OTHER,OTHER,1261,16571,20220315,TOTAL
2016,ILLINOIS,IL,CALHOUN,17013,US PRESIDENT,HILLARY CLINTON,DEMOCRAT,739,2571,20220315,TOTAL
2016,ILLINOIS,IL,CALHOUN,17013,US PRESIDENT,DONALD TRUMP,REPUBLICAN,1721,2571,20220315,TOTAL
2016,ILLINOIS,IL,CALHOUN,17013,US PRESIDENT,OTHER,OTHER,111,2571,20220315,TOTAL
2016,ILLINOIS,IL,CARROLL,17015,US PRESIDENT,HILLARY CLINTON,DEMOCRAT,2447,7445,20220315,TOTAL
2016,ILLINOIS,IL,CARROLL,17015,US PRESIDENT,DONALD TRUMP,REPUBLICAN,4434,7445,20220315,TOTAL
2016,ILLINOIS,IL,CARROLL,17015,US PRESIDENT,OTHER,OTHER,564,7445,20220315,TOTAL
2016,ILLINOIS,IL,CASS,17017,US PRESIDENT,HILLARY CLINTON,DEMOCRAT,1621,5124,20220315,TOTAL
2016,ILLINOIS,IL,CASS,17017,US PRESIDENT,DONALD TRUMP,REPUBLICAN,3216,5124,20220315,TOTAL
2016,ILLINOIS,IL,CASS,17017,US PRESIDENT,OTHER,OTHER,287,5124,20220315,TOTAL
2016,ILLINOIS,IL,CHAMPAIGN,17019,US PRESIDENT,HILLARY CLINTON,DEMOCRAT,50137,91628,20220315,TOTAL
2016,ILLINOIS,IL,CHAMPAIGN,17019,US PRESIDENT,DONALD TRUMP,REPUBLICAN,33368,91628,20220315,TOTAL
2016,ILLINOIS,IL,CHAMPAIGN,17019,US PRESIDENT,OTHER,OTHER,8123,91628,20220315,TOTAL
2020,CALIFORNIA,CA,ALAMEDA,6001,US PRESIDENT,JOSEPH R BIDEN JR,DEMOCRAT,617659,770070,20220315,TOTAL
2020,CALIFORNIA,CA,ALAMEDA,6001,US PRESIDENT,OTHER,GREEN,4664,770070,20220315,TOTAL
2020,CALIFORNIA,CA,ALAMEDA,6001,US PRESIDENT,JO JORGENSEN,LIBERTARIAN,6295,770070,20220315,TOTAL
2020,CALIFORNIA,CA,ALAMEDA,6001,US PRESIDENT,OTHER,OTHER,5143,770070,20220315,TOTAL
2020,CALIFORNIA,CA,ALAMEDA,6001,US PRESIDENT,DONALD J TRUMP,REPUBLICAN,136309,770070,20220315,TOTAL
2020,CALIFORNIA,CA,ALPINE,6003,US PRESIDENT,JOSEPH R BIDEN JR,DEMOCRAT,476,741,20220315,TOTAL
2020,CALIFORNIA,CA,ALPINE,6003,US PRESIDENT,OTHER,GREEN,4,741,20220315,TOTAL
2020,CALIFORNIA,CA,ALPINE,6003,US PRESIDENT,JO JORGENSEN,LIBERTARIAN,15,741,20220315,TOTAL
2020,CALIFORNIA,CA,ALPINE,6003,US PRESIDENT,OTHER,OTHER,2,741,20220315,TOTAL
2020,CALIFORNIA,CA,ALPINE,6003,US PRESIDENT,DONALD J TRUMP,REPUBLICAN,244,741,20220315,TOTAL
2020,CALIFORNIA,CA,AMADOR,6005,US PRESIDENT,JOSEPH R BIDEN JR,DEMOCRAT,8153,22304,20220315,TOTAL
2020,CALIFORNIA,CA,AMADOR,6005,US PRESIDENT,OTHER,GREEN,110,22304,20220315,TOTAL
2020,CALIFORNIA,CA,AMADOR,6005,US PRESIDENT,JO JORGENSEN,LIBERTARIAN,349,22304,20220315,TOTAL
2020,CALIFORNIA,CA,AMADOR,6005,US PRESIDENT,OTHER,OTHER,107,22304,20220315,TOTAL
2020,CALIFORNIA,CA,AMADOR,6005,US PRESIDENT,DONALD J TRUMP,REPUBLICAN,13585,22304,20220315,TOTAL
2020,CALIFORNIA,CA,BUTTE,6007,US PRESIDENT,JOSEPH R BIDEN JR,DEMOCRAT,50426,102066,20220315,TOTAL
2020,CALIFORNIA,CA,BUTTE,6007,US PRESIDENT,OTHER,GREEN,507,102066,20220315,TOTAL
2020,CALIFORNIA,CA,BUTTE,6007,US PRESIDENT,JO JORGENSEN,LIBERTARIAN,1774,102066,20220315,TOTAL
2020,CALIFORNIA,CA,BUTTE,6007,US PRESIDENT,OTHER,OTHER,629,102066,20220315,TOTAL
2020,CALIFORNIA,CA,BUTTE,6007,US PRESIDENT,DONALD J TRUMP,REPUBLICAN,48730,102066,20220315,TOTAL
2020,CALIFORNIA,CA,CALAVERAS,6009,US PRESIDENT,JOSEPH R BIDEN JR,DEMOCRAT,10046,27164,20220315,TOTAL
2020,CALIFORNIA,CA,CALAVERAS,6009,US PRESIDENT,OTHER,GREEN,125,27164,20220315,TOTAL
2020,CALIFORNIA,CA,CALAVERAS,6009,US PRESIDENT,JO JORGENSEN,LIBERTARIAN,359,27164,20220315,TOTAL
2020,CALIFORNIA,CA,CALAVERAS,6009,US PRESIDENT,OTHER,OTHER,116,27164,20220315,TOTAL
2020,CALIFORNIA,CA,CALAVERAS,6009,US PRESIDENT,DONALD J TRUMP,REPUBLICAN,16518,27164,20220315,TOTAL
2020,CALIFORNIA,CA,COLUSA,6011,US PRESIDENT,JOSEPH R BIDEN JR,DEMOCRAT,3239,7961,20220315,TOTAL
2020,CALIFORNIA,CA,COLUSA,6011,US PRESIDENT,OTHER,GREEN,25,7961,20220315,TOTAL
2020,CALIFORNIA,CA,COLUSA,6011,US PRESIDENT,JO JORGENSEN,LIBERTARIAN,81,7961,20220315,TOTAL
2020,CALIFORNIA,CA,COLUSA,6011,US PRESIDENT,OTHER,OTHER,57,7961,20220315,TOTAL
2020,CALIFORNIA,CA,COLUSA,6011,US PRESIDENT,DONALD J TRUMP,REPUBLICAN,4559,7961,20220315,TOTAL
2020,CALIFORNIA,CA,CONTRA COSTA,6013,US PRESIDENT,JOSEPH R BIDEN JR,DEMOCRAT,416386,581316,20220315,TOTAL
2020,CALIFORNIA,CA,CONTRA COSTA,6013,US PRESIDENT,OTHER,GREEN,2618,581316,20220315,TOTAL
2020,CALIFORNIA,CA,CONTRA COSTA,6013,US PRESIDENT,JO JORGENSEN,LIBERTARIAN,6116,581316,20220315,TOTAL
2020,CALIFORNIA,CA,CONTRA COSTA,6013,US PRESIDENT,OTHER,OTHER,3319,581316,20220315,TOTAL
2020,CALIFORNIA,CA,CONTRA COSTA,6013,US PRESIDENT,DONALD J TRUMP,REPUBLICAN,152877,581316,20220315,TOTAL
2020,CALIFORNIA,CA,DEL NORTE,6015,US PRESIDENT,JOSEPH R BIDEN JR,DEMOCRAT,4677,11453,20220315,TOTAL
2020,CALIFORNIA,CA,DEL NORTE,6015,US PRESIDENT,OTHER,GREEN,78,11453,20220315,TOTAL
2020,CALIFORNIA,CA,DEL NORTE,6015,US PRESIDENT,JO JORGENSEN,LIBERTARIAN,150,11453,20220315,TOTAL
2020,CALIFORNIA,CA,DEL NORTE,6015,US PRESIDENT,OTHER,OTHER,87,11453,20220315,TOTAL
2020,CALIFORNIA,CA,DEL NORTE,6015,US PRESIDENT,DONALD J TRUMP,REPUBLICAN,6461,11453,20220315,TOTAL
2020,CALIFORNIA,CA,EL DORADO,6017,US PRESIDENT,JOSEPH R BIDEN JR,DEMOCRAT,51621,116159,20220315,TOTAL
2020,CALIFORNIA,CA,EL DORADO,6017,US PRESIDENT,OTHER,GREEN,460,116159,20220315,TOTAL
2020,CALIFORNIA,CA,EL DORADO,6017,US PRESIDENT,JO JORGENSEN,LIBERTARIAN,1871,116159,20220315,TOTAL
2020,CALIFORNIA,CA,EL DORADO,6017,US PRESIDENT,OTHER,OTHER,369,116159,20220315,TOTAL
2020,CALIFORNIA,CA,EL DORADO,6017,US PRESIDENT,DONALD J TRUMP,REPUBLICAN,61838,116159,20220315,TOTAL
2020,CALIFORNIA,CA,FRESNO,6019,US PRESIDENT,JOSEPH R BIDEN JR,DEMOCRAT,193025,364917,20220315,TOTAL
2020,CALIFORNIA,CA,FRESNO,6019,US PRESIDENT,OTHER,GREEN,1474,364917,20220315,TOTAL
2020,CALIFORNIA,CA,FRESNO,6019,US PRESIDENT,JO JORGENSEN,LIBERTARIAN,4031,364917,20220315,TOTAL
2020,CALIFORNIA,CA,FRESNO,6019,US PRESIDENT,OTHER,OTHER,1923,364917,20220315,TOTAL
2020,CALIFORNIA,CA,FRESNO,6019,US PRESIDENT,DONALD J TRUMP,REPUBLICAN,164464,364917,20220315,TOTAL
2020,FLORIDA,FL,ALACHUA,12001,US PRESIDENT,JOSEPH R BIDEN JR,DEMOCRAT,89704,142604,20220315,TOTAL
2020,FLORIDA,FL,ALACHUA,12001,US PRESIDENT,OTHER,GREEN,302,142604,20220315,TOTAL
2020,FLORIDA,FL,ALACHUA,12001,US PRESIDENT,JO JORGENSEN,LIBERTARIAN,1390,142604,20220315,TOTAL
2020,FLORIDA,FL,ALACHUA,12001,US PRESIDENT,OTHER,OTHER,236,142604,20220315,TOTAL
2020,FLORIDA,FL,ALACHUA,12001,US PRESIDENT,DONALD J TRUMP,REPUBLICAN,50972,142604,20220315,TOTAL
2020,FLORIDA,FL,BAKER,12003,US PRESIDENT,JOSEPH R BIDEN JR,DEMOCRAT,2037,14059,20220315,TOTAL
2020,FLORIDA,FL,BAKER,12003,US PRESIDENT,OTHER,GREEN,10,14059,20220315,TOTAL
2020,FLORIDA,FL,BAKER,12003,US PRESIDENT,JO JORGENSEN,LIBERTARIAN,93,14059,20220315,TOTAL
2020,FLORIDA,FL,BAKER,12003,US PRESIDENT,OTHER,OTHER,8,14059,20220315,TOTAL
2020,FLORIDA,FL,BAKER,12003,US PRESIDENT,DONALD J TRUMP,REPUBLICAN,11911,14059,20220315,TOTAL
2020,FLORIDA,FL,BAY,12005,US PRESIDENT,JOSEPH R BIDEN JR,DEMOCRAT,25614,93024,20220315,TOTAL
2020,FLORIDA,FL,BAY,12005,US PRESIDENT,OTHER,GREEN,142,93024,20220315,TOTAL
2020,FLORIDA,FL,BAY,12005,US PRESIDENT,JO JORGENSEN,LIBERTARIAN,1004,93024,20220315,TOTAL
2020,FLORIDA,FL,BAY,12005,US PRESIDENT,OTHER,OTHER,167,93024,20220315,TOTAL
2020,FLORIDA,FL,BAY,12005,US PRESIDENT,DONALD J TRUMP,REPUBLICAN,66097,93024,20220315,TOTAL
2020,FLORIDA,FL,BRADFORD,12007,US PRESIDENT,JOSEPH R BIDEN JR,DEMOCRAT,3160,13632,20220315,TOTAL
2020,FLORIDA,FL,BRADFORD,12007,US PRESIDENT,OTHER,GREEN,11,13632,20220315,TOTAL
2020,FLORIDA,FL,BRADFORD,12007,US PRESIDENT,JO JORGENSEN,LIBERTARIAN,110,13632,20220315,TOTAL
2020,FLORIDA,FL,BRADFORD,12007,US PRESIDENT,OTHER,OTHER,17,13632,20220315,TOTAL
2020,FLORIDA,FL,BRADFORD,12007,US PRESIDENT,DONALD J TRUMP,REPUBLICAN,10334,13632,20220315,TOTAL
2020,FLORIDA,FL,BREVARD,12009,US PRESIDENT,JOSEPH R BIDEN JR,DEMOCRAT,148549,360764,20220315,TOTAL
2020,FLORIDA,FL,BREVARD,12009,US PRESIDENT,OTHER,GREEN,553,360764,20220315,TOTAL
2020,FLORIDA,FL,BREVARD,12009,US PRESIDENT,JO JORGENSEN,LIBERTARIAN,3178,360764,20220315,TOTAL
2020,FLORIDA,FL,BREVARD,12009,US PRESIDENT,OTHER,OTHER,601,360764,20220315,TOTAL
2020,FLORIDA,FL,BREVARD,12009,US PRESIDENT,DONALD J TRUMP,REPUBLICAN,207883,360764,20220315,TOTAL
2020,FLORIDA,FL,BROWARD,12011,US PRESIDENT,JOSEPH R BIDEN JR,DEMOCRAT,618752,957672,20220315,TOTAL
2020,FLORIDA,FL,BROWARD,12011,US PRESIDENT,OTHER,GREEN,1253,957672,20220315,TOTAL
2020,FLORIDA,FL,BROWARD,12011,US PRESIDENT,JO JORGENSEN,LIBERTARIAN,3114,957672,20220315,TOTAL
2020,FLORIDA,FL,BROWARD,12011,US PRESIDENT,OTHER,OTHER,1144,957672,20220315,TOTAL
2020,FLORIDA,FL,BROWARD,12011,US PRESIDENT,DONALD J TRUMP,REPUBLICAN,333409,957672,20220315,TOTAL
2020,FLORIDA,FL,CALHOUN,12013,US PRESIDENT,JOSEPH R BIDEN JR,DEMOCRAT,1209,6526,20220315,TOTAL
2020,FLORIDA,FL,CALHOUN,12013,US PRESIDENT,OTHER,GREEN,4,6526,20220315,TOTAL
2020,FLORIDA,FL,CALHOUN,12013,US PRESIDENT,JO JORGENSEN,LIBERTARIAN,29,6526,20220315,TOTAL
2020,FLORIDA,FL,CALHOUN,12013,US PRESIDENT,OTHER,OTHER,10,6526,20220315,TOTAL
2020,FLORIDA,FL,CALHOUN,12013,US PRESIDENT,DONALD J TRUMP,REPUBLICAN,5274,6526,20220315,TOTAL
2020,FLORIDA,FL,CHARLOTTE,12015,US PRESIDENT,JOSEPH R BIDEN JR,DEMOCRAT,42273,116340,20220315,TOTAL
2020,FLORIDA,FL,CHARLOTTE,12015,US PRESIDENT,OTHER,GREEN,129,116340,20220315,TOTAL
2020,FLORIDA,FL,CHARLOTTE,12015,US PRESIDENT,JO JORGENSEN,LIBERTARIAN,565,116340,20220315,TOTAL
2020,FLORIDA,FL,CHARLOTTE,12015,US PRESIDENT,OTHER,OTHER,130,116340,20220315,TOTAL
2020,FLORIDA,FL,CHARLOTTE,12015,US PRESIDENT,DONALD J TRUMP,REPUBLICAN,73243,116340,20220315,TOTAL
2020,FLORIDA,FL,CITRUS,12017,US PRESIDENT,JOSEPH R BIDEN JR,DEMOCRAT,27092,93208,20220315,TOTAL
2020,FLORIDA,FL,CITRUS,12017,US PRESIDENT,OTHER,GREEN,86,93208,20220315,TOTAL
2020,FLORIDA,FL,CITRUS,12017,US PRESIDENT,JO JORGENSEN,LIBERTARIAN,548,93208,20220315,TOTAL
2020,FLORIDA,FL,CITRUS,12017,US PRESIDENT,OTHER,OTHER,130,93208,20220315,TOTAL
2020,FLORIDA,FL,CITRUS,12017,US PRESIDENT,DONALD J TRUMP,REPUBLICAN,65352,93208,20220315,TOTAL
2020,ILLINOIS,IL,ADAMS,17001,US PRESIDENT,JOSEPH R BIDEN JR,DEMOCRAT,8633,33527,20220315,TOTAL
2020,ILLINOIS,IL,ADAMS,17001,US PRESIDENT,OTHER,GREEN,102,33527,20220315,TOTAL
2020,ILLINOIS,IL,ADAMS,17001,US PRESIDENT,JO JORGENSEN,LIBERTARIAN,483,33527,20220315,TOTAL
2020,ILLINOIS,IL,ADAMS,17001,US PRESIDENT,OTHER,OTHER,89,33527,20220315,TOTAL
2020,ILLINOIS,IL,ADAMS,17001,US PRESIDENT,DONALD J TRUMP,REPUBLICAN,24220,33527,20220315,TOTAL
2020,ILLINOIS,IL,ALEXANDER,17003,US PRESIDENT,JOSEPH R BIDEN JR,DEMOCRAT,1114,2618,20220315,TOTAL
2020,ILLINOIS,IL,ALEXANDER,17003,US PRESIDENT,OTHER,GREEN,5,2618,20220315,TOTAL
2020,ILLINOIS,IL,ALEXANDER,17003,US PRESIDENT,JO JORGENSEN,LIBERTARIAN,7,2618,20220315,TOTAL
2020,ILLINOIS,IL,ALEXANDER,17003,US PRESIDENT,OTHER,OTHER,6,2618,20220315,TOTAL
2020,ILLINOIS,IL,ALEXANDER,17003,US PRESIDENT,DONALD J TRUMP,REPUBLICAN,1486,2618,20220315,TOTAL
2020,ILLINOIS,IL,BOND,17005,US PRESIDENT,JOSEPH R BIDEN JR,DEMOCRAT,2288,8145,20220315,TOTAL
2020,ILLINOIS,IL,BOND,17005,US PRESIDENT,OTHER,GREEN,41,8145,20220315,TOTAL
2020,ILLINOIS,IL,BOND,17005,US PRESIDENT,JO JORGENSEN,LIBERTARIAN,158,8145,20220315,TOTAL
2020,ILLINOIS,IL,BOND,17005,US PRESIDENT,OTHER,OTHER,33,8145,20220315,TOTAL
2020,ILLINOIS,IL,BOND,17005,US PRESIDENT,DONALD J TRUMP,REPUBLICAN,5625,8145,20220315,TOTAL
2020,ILLINOIS,IL,BOONE,17007,US PRESIDENT,JOSEPH R BIDEN JR,DEMOCRAT,10542,24979,20220315,TOTAL
2020,ILLINOIS,IL,BOONE,17007,US PRESIDENT,OTHER,GREEN,146,24979,20220315,TOTAL
2020,ILLINOIS,IL,BOONE,17007,US PRESIDENT,JO JORGENSEN,LIBERTARIAN,360,24979,20220315,TOTAL
2020,ILLINOIS,IL,BOONE,17007,US PRESIDENT,OTHER,OTHER,48,24979,20220315,TOTAL
2020,ILLINOIS,IL,BOONE,17007,US PRESIDENT,DONALD J TRUMP,REPUBLICAN,13883,24979,20220315,TOTAL
2020,ILLINOIS,IL,BROWN,17009,US PRESIDENT,JOSEPH R BIDEN JR,DEMOCRAT,486,2521,20220315,TOTAL
2020,ILLINOIS,IL,BROWN,17009,US PRESIDENT,OTHER,GREEN,10,2521,20220315,TOTAL
2020,ILLINOIS,IL,BROWN,17009,US PRESIDENT,JO JORGENSEN,LIBERTARIAN,47,2521,20220315,TOTAL
2020,ILLINOIS,IL,BROWN,17009,US PRESIDENT,OTHER,OTHER,47,2521,20220315,TOTAL
2020,ILLINOIS,IL,BROWN,17009,US PRESIDENT,DONALD J TRUMP,REPUBLICAN,1931,2521,20220315,TOTAL
2020,ILLINOIS,IL,BUREAU,17011,US PRESIDENT,JOSEPH R BIDEN JR,DEMOCRAT,6669,17434,20220315,TOTAL
2020,ILLINOIS,IL,BUREAU,17011,US PRESIDENT,OTHER,GREEN,95,17434,20220315,TOTAL
2020,ILLINOIS,IL,BUREAU,17011,US PRESIDENT,JO JORGENSEN,LIBERTARIAN,209,17434,20220315,TOTAL
2020,ILLINOIS,IL,BUREAU,17011,US PRESIDENT,OTHER,OTHER,50,17434,20220315,TOTAL
2020,ILLINOIS,IL,BUREAU,17011,US PRESIDENT,DONALD J TRUMP,REPUBLICAN,10411,17434,20220315,TOTAL
2020,ILLINOIS,IL,CALHOUN,17013,US PRESIDENT,JOSEPH R BIDEN JR,DEMOCRAT,677,2772,20220315,TOTAL
2020,ILLINOIS,IL,CALHOUN,17013,US PRESIDENT,OTHER,GREEN,8,2772,20220315,TOTAL
2020,ILLINOIS,IL,CALHOUN,17013,US PRESIDENT,JO JORGENSEN,LIBERTARIAN,36,2772,20220315,TOTAL
2020,ILLINOIS,IL,CALHOUN,17013,US PRESIDENT,OTHER,OTHER,5,2772,20220315,TOTAL
2020,ILLINOIS,IL,CALHOUN,17013,US PRESIDENT,DONALD J TRUMP,REPUBLICAN,2046,2772,20220315,TOTAL
2020,ILLINOIS,IL,CARROLL,17015,US PRESIDENT,JOSEPH R BIDEN JR,DEMOCRAT,2748,8024,20220315,TOTAL
2020,ILLINOIS,IL,CARROLL,17015,US PRESIDENT,OTHER,GREEN,39,8024,20220315,TOTAL
2020,ILLINOIS,IL,CARROLL,17015,US PRESIDENT,JO JORGENSEN,LIBERTARIAN,111,8024,20220315,TOTAL
2020,ILLINOIS,IL,CARROLL,17015,US PRESIDENT,OTHER,OTHER,21,8024,20220315,TOTAL
2020,ILLINOIS,IL,CARROLL,17015,US PRESIDENT,DONALD J TRUMP,REPUBLICAN,5105,8024,20220315,TOTAL
2020,ILLINOIS,IL,CASS,17017,US PRESIDENT,JOSEPH R BIDEN JR,DEMOCRAT,1615,5317,20220315,TOTAL
2020,ILLINOIS,IL,CASS,17017,US PRESIDENT,OTHER,GREEN,17,5317,20220315,TOTAL
2020,ILLINOIS,IL,CASS,17017,US PRESIDENT,JO JORGENSEN,LIBERTARIAN,50,5317,20220315,TOTAL
2020,ILLINOIS,IL,CASS,17017,US PRESIDENT,OTHER,OTHER,10,5317,20220315,TOTAL
2020,ILLINOIS,IL,CASS,17017,US PRESIDENT,DONALD J TRUMP,REPUBLICAN,3625,5317,20220315,TOTAL
2020,ILLINOIS,IL,CHAMPAIGN,17019,US PRESIDENT,JOSEPH R BIDEN JR,DEMOCRAT,57067,95142,20220315,TOTAL
2020,ILLINOIS,IL,CHAMPAIGN,17019,US PRESIDENT,OTHER,GREEN,755,95142,20220315,TOTAL
2020,ILLINOIS,IL,CHAMPAIGN,17019,US PRESIDENT,JO JORGENSEN,LIBERTARIAN,1507,95142,20220315,TOTAL
2020,ILLINOIS,IL,CHAMPAIGN,17019,US PRESIDENT,OTHER,OTHER,528,95142,20220315,TOTAL
2020,ILLINOIS,IL,CHAMPAIGN,17019,US PRESIDENT,DONALD J TRUMP,REPUBLICAN,35285,95142,20220315,TOTAL